GeneID,GeneName,Dorothea,Scenic,HTDB4,Lambert2018,Number_Report
ENSG00000141510,TP53,A,1,P53,Known motif,4
ENSG00000170345,FOS,A,1,TF_bZIP,Known motif,4
ENSG00000100644,HIF1A,A,1,Others,Known motif,4
ENSG00000136997,MYC,A,1,bHLH,Known motif,4
ENSG00000134954,ETS1,A,1,ETS,Known motif,4
ENSG00000107485,GATA3,A,1,zf-GATA,Known motif,4
ENSG00000175832,ETV4,A,1,ETS,Known motif,4
ENSG00000115415,STAT1,A,1,STAT,Known motif,4
ENSG00000116044,NFE2L2,A,1,TF_bZIP,Known motif,4
ENSG00000102145,GATA1,A,1,zf-GATA,Known motif,4
ENSG00000101412,E2F1,A,1,E2F,Known motif,4
ENSG00000125618,PAX8,A,1,PAX,Known motif,4
ENSG00000091831,ESR1,A,1,ESR-like,Known motif,4
ENSG00000131759,RARA,A,1,THR-like,Known motif,4
ENSG00000186951,PPARA,A,1,THR-like,Known motif,4
ENSG00000120738,EGR1,A,1,zf-C2H2,Known motif,4
ENSG00000137203,TFAP2A,A,1,AP-2,Known motif,4
ENSG00000020633,RUNX3,A,1,Runt,Known motif,4
ENSG00000105866,SP4,A,1,zf-C2H2,Known motif,4
ENSG00000245848,CEBPA,A,1,TF_bZIP,Known motif,4
ENSG00000124664,SPDEF,A,1,ETS,Known motif,4
ENSG00000008196,TFAP2B,A,1,AP-2,Known motif,4
ENSG00000196628,TCF4,A,1,bHLH,Known motif,4
ENSG00000111424,VDR,A,1,THR-like,Known motif,4
ENSG00000115966,ATF2,A,1,TF_bZIP,Known motif,4
ENSG00000125398,SOX9,A,1,HMG,Known motif,4
ENSG00000084093,REST,A,1,zf-C2H2,Known motif,4
ENSG00000082175,PGR,A,1,ESR-like,Known motif,4
ENSG00000267680,ZNF224,A,1,zf-C2H2,Known motif,4
ENSG00000184937,WT1,A,1,zf-C2H2,Known motif,4
ENSG00000162772,ATF3,A,1,TF_bZIP,Known motif,4
ENSG00000148516,ZEB1,A,1,zf-C2H2,Known motif,4
ENSG00000100146,SOX10,A,1,HMG,Known motif,4
ENSG00000162599,NFIA,A,1,CTF_NFI,Known motif,4
ENSG00000112033,PPARD,A,1,THR-like,Known motif,4
ENSG00000123358,NR4A1,A,1,NGFIB-like,Known motif,4
ENSG00000136352,NKX2-1,A,1,Homeobox,Known motif,4
ENSG00000185591,SP1,A,1,zf-C2H2,Known motif,4
ENSG00000183072,NKX2-5,A,1,Homeobox,Known motif,4
ENSG00000102974,CTCF,A,1,zf-C2H2,Known motif,4
ENSG00000154727,GABPA,A,1,ETS,Known motif,4
ENSG00000007372,PAX6,A,1,PAX,Known motif,4
ENSG00000114861,FOXP1,A,1,Fork_head,Known motif,4
ENSG00000187098,MITF,A,1,bHLH,Known motif,4
ENSG00000169016,E2F6,A,1,E2F,Known motif,4
ENSG00000179348,GATA2,A,1,zf-GATA,Known motif,4
ENSG00000129514,FOXA1,A,1,Fork_head,Known motif,4
ENSG00000066336,SPI1,A,1,ETS,Known motif,4
ENSG00000101076,HNF4A,A,1,RXR-like,Known motif,4
ENSG00000172845,SP3,A,1,zf-C2H2,Known motif,4
ENSG00000185551,NR2F2,A,1,RXR-like,Known motif,4
ENSG00000166949,SMAD3,A,1,MH1,Known motif,4
ENSG00000112658,SRF,A,1,SRF,Known motif,4
ENSG00000139515,PDX1,A,1,Homeobox,Known motif,4
ENSG00000168214,RBPJ,A,1,CSL,Known motif,4
ENSG00000185947,ZNF267,A,1,zf-C2H2,Known motif,4
ENSG00000198517,MAFK,A,1,TF_bZIP,Known motif,4
ENSG00000173039,RELA,A,1,RHD,Known motif,4
ENSG00000128272,ATF4,A,1,TF_bZIP,Known motif,4
ENSG00000132170,PPARG,A,1,THR-like,Known motif,4
ENSG00000165891,E2F7,A,1,E2F,Known motif,4
ENSG00000141905,NFIC,A,1,CTF_NFI,Known motif,4
ENSG00000168610,STAT3,A,1,STAT,Known motif,4
ENSG00000120837,NFYB,A,1,NF-YB,Known motif,4
ENSG00000159216,RUNX1,A,1,Runt,Known motif,4
ENSG00000118922,KLF12,A,1,zf-C2H2,Known motif,4
ENSG00000172059,KLF11,A,1,zf-C2H2,Known motif,4
ENSG00000087510,TFAP2C,A,1,AP-2,Known motif,4
ENSG00000081059,TCF7,A,1,HMG,Known motif,4
ENSG00000130816,DNMT1,A,1,,Known motif,3
ENSG00000100811,YY1,A,1,zf-C2H2,Known motif,4
ENSG00000178860,MSC,A,1,bHLH,Known motif,4
ENSG00000065978,YBX1,A,1,CSD,Known motif,4
ENSG00000162924,REL,A,1,RHD,Known motif,4
ENSG00000181449,SOX2,A,1,HMG,Known motif,4
ENSG00000068305,MEF2A,A,1,SRF,Known motif,4
ENSG00000067082,KLF6,A,1,zf-C2H2,Known motif,4
ENSG00000155090,KLF10,A,1,zf-C2H2,Known motif,4
ENSG00000117036,ETV3,A,1,ETS,Known motif,4
ENSG00000175197,DDIT3,A,1,TF_bZIP,Known motif,4
ENSG00000150907,FOXO1,A,1,Fork_head,Known motif,4
ENSG00000116604,MEF2D,A,1,SRF,Known motif,4
ENSG00000130522,JUND,A,1,TF_bZIP,Known motif,4
ENSG00000134323,MYCN,A,1,bHLH,Known motif,4
ENSG00000139352,ASCL1,A,1,bHLH,Known motif,4
ENSG00000205250,E2F4,A,1,E2F,Known motif,4
ENSG00000090447,TFAP4,A,1,bHLH,Known motif,4
ENSG00000172819,RARG,A,1,THR-like,Known motif,4
ENSG00000073861,TBX21,A,1,T-box,Known motif,4
ENSG00000118058,KMT2A,A,1,,Known motif,3
ENSG00000197063,MAFG,A,1,TF_bZIP,Known motif,4
ENSG00000012504,NR1H4,A,1,THR-like,Known motif,4
ENSG00000186350,RXRA,A,1,RXR-like,Known motif,4
ENSG00000077092,RARB,A,1,THR-like,Known motif,4
ENSG00000196092,PAX5,A,1,PAX,Known motif,4
ENSG00000132005,RFX1,A,1,RFX,Known motif,4
ENSG00000124216,SNAI1,A,1,zf-C2H2,Known motif,4
ENSG00000144852,NR1I2,A,1,THR-like,Known motif,4
ENSG00000173153,ESRRA,A,1,ESR-like,Known motif,4
ENSG00000152804,HHEX,A,1,Homeobox,Inferred motif,4
ENSG00000019549,SNAI2,A,1,zf-C2H2,Known motif,4
ENSG00000118689,FOXO3,A,1,Fork_head,Known motif,4
ENSG00000025434,NR1H3,A,1,THR-like,Inferred motif,4
ENSG00000204531,POU5F1,A,1,Pou,Known motif,4
ENSG00000169554,ZEB2,A,1,zf-C2H2,Inferred motif,4
ENSG00000140836,ZFHX3,A,1,Homeobox,Known motif,4
ENSG00000081189,MEF2C,A,1,SRF,Known motif,4
ENSG00000164749,HNF4G,A,1,RXR-like,Known motif,4
ENSG00000198176,TFDP1,A,1,E2F,Known motif,4
ENSG00000112592,TBP,A,1,,Known motif,3
ENSG00000114315,HES1,A,1,bHLH,Known motif,4
ENSG00000105698,USF2,A,1,bHLH,Known motif,4
ENSG00000029153,ARNTL2,A,1,bHLH,Inferred motif,4
ENSG00000133794,ARNTL,A,1,bHLH,Known motif,4
ENSG00000111046,MYF6,A,1,bHLH,Known motif,4
ENSG00000106331,PAX4,A,1,PAX,Known motif,4
ENSG00000121068,TBX2,A,1,T-box,Known motif,4
ENSG00000135903,PAX3,A,1,PAX,Known motif,4
ENSG00000125813,PAX1,A,1,PAX,Known motif,4
ENSG00000135457,TFCP2,A,1,CP2,Known motif,4
ENSG00000143257,NR1I3,A,1,THR-like,Known motif,4
ENSG00000135547,HEY2,A,1,bHLH,Known motif,4
ENSG00000075891,PAX2,A,1,PAX,Known motif,4
ENSG00000164683,HEY1,A,1,bHLH,Known motif,4
ENSG00000123405,NFE2,A,1,TF_bZIP,Known motif,4
ENSG00000123268,ATF1,A,1,TF_bZIP,Known motif,4
ENSG00000109320,NFKB1,A,1,RHD,Known motif,4
ENSG00000131408,NR1H2,A,1,THR-like,Known motif,4
ENSG00000116016,EPAS1,A,1,Others,Known motif,4
ENSG00000071564,TCF3,A,1,bHLH,Known motif,4
ENSG00000177606,JUN,A,1,TF_bZIP,Known motif,4
ENSG00000257923,CUX1,A,1,CUT,Known motif,4
ENSG00000136931,NR5A1,A,1,SF-like,Known motif,4
ENSG00000133740,E2F5,A,1,E2F,Known motif,4
ENSG00000170485,NPAS2,A,1,bHLH,Known motif,4
ENSG00000169297,NR0B1,A,1,Miscellaneous,Known motif,4
ENSG00000177374,HIC1,A,1,ZBTB,Known motif,4
ENSG00000089225,TBX5,A,1,T-box,Known motif,4
ENSG00000161298,ZNF382,A,1,zf-C2H2,Known motif,4
ENSG00000110693,SOX6,A,1,HMG,Known motif,4
ENSG00000184481,FOXO4,A,1,Fork_head,Known motif,4
ENSG00000005513,SOX8,A,1,HMG,Known motif,4
ENSG00000077150,NFKB2,A,1,RHD,Known motif,4
ENSG00000104856,RELB,A,1,RHD,Known motif,4
ENSG00000057657,PRDM1,A,1,zf-C2H2,Known motif,4
ENSG00000116809,ZBTB17,A,1,ZBTB,Likely to be sequence specific TF,4
ENSG00000136826,KLF4,A,1,zf-C2H2,Known motif,4
ENSG00000128573,FOXP2,A,1,Fork_head,Known motif,4
ENSG00000178951,ZBTB7A,A,1,ZBTB,Known motif,4
ENSG00000112182,BACH2,A,1,TF_bZIP,Known motif,4
ENSG00000109906,ZBTB16,A,1,ZBTB,Known motif,4
ENSG00000101057,MYBL2,A,1,MYB,Known motif,4
ENSG00000075426,FOSL2,A,1,TF_bZIP,Known motif,4
ENSG00000135100,HNF1A,A,1,Homeobox,Known motif,4
ENSG00000118513,MYB,A,1,MYB,Known motif,4
ENSG00000185697,MYBL1,A,1,MYB,Known motif,4
ENSG00000112242,E2F3,A,1,E2F,Known motif,4
ENSG00000129173,E2F8,A,1,E2F,Known motif,4
ENSG00000141644,MBD1,A,1,MBD,Likely to be sequence specific TF,4
ENSG00000157557,ETS2,A,1,ETS,Known motif,4
ENSG00000169057,MECP2,A,1,MBD,Known motif,4
ENSG00000102554,KLF5,A,1,zf-C2H2,Known motif,4
ENSG00000204304,PBX2,A,1,Homeobox,Known motif,4
ENSG00000103495,MAZ,A,1,zf-C2H2,Known motif,4
ENSG00000148737,TCF7L2,A,1,HMG,Known motif,4
ENSG00000175592,FOSL1,A,1,TF_bZIP,Known motif,4
ENSG00000101190,TCFL5,A,1,bHLH,Known motif,4
ENSG00000113916,BCL6,A,1,ZBTB,Known motif,4
ENSG00000049768,FOXP3,A,1,Fork_head,Known motif,4
ENSG00000124813,RUNX2,A,1,Runt,Known motif,4
ENSG00000108924,HLF,A,1,TF_bZIP,Known motif,4
ENSG00000123933,MXD4,A,1,bHLH,Inferred motif,4
ENSG00000059728,MXD1,A,1,bHLH,Inferred motif,4
ENSG00000118217,ATF6,A,1,TF_bZIP,Known motif,4
ENSG00000167967,E4F1,A,1,zf-C2H2,Known motif,4
ENSG00000169136,ATF5,A,1,TF_bZIP,Known motif,4
ENSG00000001167,NFYA,A,1,NF-YA,Known motif,4
ENSG00000125952,MAX,A,1,bHLH,Known motif,4
ENSG00000156273,BACH1,A,1,TF_bZIP,Known motif,4
ENSG00000165030,NFIL3,A,1,TF_bZIP,Known motif,4
ENSG00000099326,MZF1,A,1,zf-C2H2,Known motif,4
ENSG00000137309,HMGA1,A,1,HMGA,Known motif,4
ENSG00000167182,SP2,A,1,zf-C2H2,Known motif,4
ENSG00000185630,PBX1,A,1,Homeobox,Known motif,4
ENSG00000127528,KLF2,A,1,zf-C2H2,Known motif,4
ENSG00000163884,KLF15,A,1,zf-C2H2,Known motif,4
ENSG00000187079,TEAD1,A,1,TEA,Known motif,4
ENSG00000172238,ATOH1,A,1,bHLH,Known motif,4
ENSG00000169083,AR,A,1,ESR-like,Known motif,4
ENSG00000269404,SPIB,A,1,ETS,Known motif,4
ENSG00000025156,HSF2,A,1,HSF,Known motif,4
ENSG00000213928,IRF9,A,1,IRF,Known motif,4
ENSG00000126767,ELK1,A,1,ETS,Known motif,4
ENSG00000126561,STAT5A,A,1,STAT,Known motif,4
ENSG00000125798,FOXA2,A,1,Fork_head,Known motif,4
ENSG00000111704,NANOG,A,1,Homeobox,Known motif,4
ENSG00000165556,CDX2,A,1,Homeobox,Known motif,4
ENSG00000129535,NRL,A,1,TF_bZIP,Known motif,4
ENSG00000078900,TP73,A,1,P53,Known motif,4
ENSG00000162992,NEUROD1,A,1,bHLH,Known motif,4
ENSG00000173757,STAT5B,A,1,STAT,Known motif,4
ENSG00000160113,NR2F6,A,1,RXR-like,Known motif,4
ENSG00000122180,MYOG,A,1,bHLH,Known motif,4
ENSG00000140009,ESR2,A,1,ESR-like,Known motif,4
ENSG00000151702,FLI1,A,1,ETS,Known motif,4
ENSG00000117707,PROX1,A,1,HPD,Known motif,4
ENSG00000221869,CEBPD,A,1,TF_bZIP,Known motif,4
ENSG00000124782,RREB1,A,1,zf-C2H2,Known motif,4
ENSG00000092067,CEBPE,A,1,TF_bZIP,Known motif,4
ENSG00000069667,RORA,A,1,THR-like,Known motif,4
ENSG00000143365,RORC,A,1,THR-like,Known motif,4
ENSG00000113580,NR3C1,A,1,ESR-like,Known motif,4
ENSG00000140968,IRF8,A,1,IRF,Known motif,4
ENSG00000185507,IRF7,A,1,IRF,Known motif,4
ENSG00000073282,TP63,A,1,P53,Known motif,4
ENSG00000128604,IRF5,A,1,IRF,Known motif,4
ENSG00000153879,CEBPG,A,1,TF_bZIP,Known motif,4
ENSG00000028277,POU2F2,A,1,Pou,Known motif,4
ENSG00000120690,ELF1,A,1,ETS,Known motif,4
ENSG00000121454,LHX4,A,1,Homeobox,Known motif,4
ENSG00000107187,LHX3,A,1,Homeobox,Known motif,4
ENSG00000151090,THRB,A,1,THR-like,Known motif,4
ENSG00000107807,TLX1,A,1,Homeobox,Known motif,4
ENSG00000185129,PURA,A,1,Others,Known motif,4
ENSG00000185122,HSF1,A,1,HSF,Known motif,4
ENSG00000102908,NFAT5,A,1,RHD,Known motif,4
ENSG00000122859,NEUROG3,A,1,bHLH,Inferred motif,4
ENSG00000105722,ERF,A,1,ETS,Known motif,4
ENSG00000172216,CEBPB,A,1,TF_bZIP,Known motif,4
ENSG00000122691,TWIST1,A,1,bHLH,Known motif,4
ENSG00000126351,THRA,A,1,THR-like,Known motif,4
ENSG00000138795,LEF1,A,1,HMG,Known motif,4
ENSG00000072310,SREBF1,A,1,bHLH,Known motif,4
ENSG00000162367,TAL1,A,1,bHLH,Known motif,4
ENSG00000131196,NFATC1,A,1,RHD,Known motif,4
ENSG00000141646,SMAD4,A,1,MH1,Known motif,4
ENSG00000157554,ERG,A,1,ETS,Known motif,4
ENSG00000260027,HOXB7,A,1,Homeobox,Known motif,4
ENSG00000037965,HOXC8,A,1,Homeobox,Known motif,4
ENSG00000128652,HOXD3,A,1,Homeobox,Known motif,4
ENSG00000123388,HOXC11,A,1,Homeobox,Known motif,4
ENSG00000147596,PRDM14,A,1,zf-C2H2,Known motif,4
ENSG00000104447,TRPS1,A,1,zf-GATA,Known motif,4
ENSG00000103241,FOXF1,A,1,Fork_head,Known motif,4
ENSG00000135373,EHF,A,1,ETS,Known motif,4
ENSG00000069011,PITX1,A,1,Homeobox,Known motif,4
ENSG00000187140,FOXD3,A,1,Fork_head,Known motif,4
ENSG00000164093,PITX2,A,1,Homeobox,Known motif,4
ENSG00000170608,FOXA3,A,1,Fork_head,Known motif,4
ENSG00000179388,EGR3,A,1,zf-C2H2,Known motif,4
ENSG00000122877,EGR2,A,1,zf-C2H2,Known motif,4
ENSG00000113722,CDX1,A,1,Homeobox,Known motif,4
ENSG00000118260,CREB1,A,1,TF_bZIP,Known motif,4
ENSG00000143190,POU2F1,A,1,Pou,Known motif,4
ENSG00000178573,MAF,A,1,TF_bZIP,Known motif,4
ENSG00000170365,SMAD1,A,1,MH1,Known motif,4
ENSG00000126456,IRF3,A,1,IRF,Known motif,4
ENSG00000168310,IRF2,A,1,IRF,Known motif,4
ENSG00000125347,IRF1,A,1,IRF,Known motif,4
ENSG00000106546,AHR,A,1,bHLH,Known motif,4
ENSG00000163435,ELF3,A,1,ETS,Known motif,4
ENSG00000106459,NRF1,A,1,Nrf1,Known motif,4
ENSG00000064835,POU1F1,A,1,Pou,Known motif,4
ENSG00000166478,ZNF143,A,1,zf-C2H2,Known motif,4
ENSG00000181690,PLAG1,A,1,zf-C2H2,Known motif,4
ENSG00000118495,PLAGL1,A,1,zf-C2H2,Known motif,4
ENSG00000116833,NR5A2,A,1,SF-like,Known motif,4
ENSG00000166888,STAT6,A,1,STAT,Known motif,4
ENSG00000124151,NCOA3,A,1,,Likely to be sequence specific TF,3
ENSG00000157933,SKI,A,1,,Likely to be sequence specific TF,3
ENSG00000165702,GFI1B,A,1,zf-C2H2,Known motif,4
ENSG00000162676,GFI1,A,1,zf-C2H2,Known motif,4
ENSG00000124827,GCM2,A,1,GCM,Known motif,4
ENSG00000136574,GATA4,A,1,zf-GATA,Known motif,4
ENSG00000095794,CREM,A,1,TF_bZIP,Known motif,4
ENSG00000104903,LYL1,A,1,bHLH,Inferred motif,4
ENSG00000163848,ZNF148,A,1,zf-C2H2,Known motif,4
ENSG00000173404,INSM1,A,1,zf-C2H2,Known motif,4
ENSG00000106571,GLI3,A,1,zf-C2H2,Known motif,4
ENSG00000074047,GLI2,A,1,zf-C2H2,Known motif,4
ENSG00000115816,CEBPZ,A,1,Others,Known motif,4
ENSG00000138378,STAT4,A,1,STAT,Known motif,4
ENSG00000043355,ZIC2,A,1,zf-C2H2,Known motif,4
ENSG00000152977,ZIC1,A,1,zf-C2H2,Known motif,4
ENSG00000109381,ELF2,A,1,ETS,Known motif,4
ENSG00000182759,MAFA,A,1,TF_bZIP,Known motif,4
ENSG00000141448,GATA6,A,1,zf-GATA,Known motif,4
ENSG00000111145,ELK3,A,1,ETS,Known motif,4
ENSG00000160199,PKNOX1,A,1,Homeobox,Known motif,4
ENSG00000111087,GLI1,A,1,zf-C2H2,Known motif,4
ENSG00000151623,NR3C2,A,1,ESR-like,Known motif,4
ENSG00000137265,IRF4,A,1,IRF,Known motif,4
ENSG00000134852,CLOCK,A,1,bHLH,Known motif,4
ENSG00000157613,CREB3L1,A,1,TF_bZIP,Known motif,4
ENSG00000163064,EN1,A,1,Homeobox,Known motif,4
ENSG00000158711,ELK4,A,1,ETS,Known motif,4
ENSG00000183770,FOXL2,A,1,Fork_head,Known motif,4
ENSG00000158773,USF1,A,1,bHLH,Known motif,4
ENSG00000143390,RFX5,A,1,RFX,Known motif,4
ENSG00000111206,FOXM1,A,1,Fork_head,Known motif,4
ENSG00000007968,E2F2,A,1,E2F,Known motif,4
ENSG00000253293,HOXA10,A,1,Homeobox,Known motif,4
ENSG00000198911,SREBF2,A,1,bHLH,Known motif,4
ENSG00000101096,NFATC2,A,1,RHD,Known motif,4
ENSG00000143437,ARNT,A,1,bHLH,Known motif,4
ENSG00000119547,ONECUT2,A,1,CUT,Known motif,4
ENSG00000005073,HOXA11,A,1,Homeobox,Known motif,4
ENSG00000170581,STAT2,A,1,STAT,Known motif,4
ENSG00000175745,NR2F1,A,1,RXR-like,Known motif,4
ENSG00000101115,SALL4,A,1,zf-C2H2,Inferred motif,4
ENSG00000171223,JUNB,A,1,TF_bZIP,Known motif,4
ENSG00000124766,SOX4,A,1,HMG,Known motif,4
ENSG00000105856,HBP1,A,1,HMG,Known motif,4
ENSG00000151615,POU4F2,A,1,Pou,Known motif,4
ENSG00000197576,HOXA4,A,1,Homeobox,Known motif,4
ENSG00000106004,HOXA5,A,1,Homeobox,Known motif,4
ENSG00000113658,SMAD5,A,1,MH1,Known motif,4
ENSG00000166261,ZNF202,A,1,zf-C2H2,Known motif,4
ENSG00000129152,MYOD1,A,1,bHLH,Known motif,4
ENSG00000185022,MAFF,A,1,TF_bZIP,Known motif,4
ENSG00000112333,NR2E1,A,1,RXR-like,Known motif,4
ENSG00000263001,GTF2I,A,1,GTF2I,Known motif,4
ENSG00000182568,SATB1,A,1,CUT,Known motif,4
ENSG00000233608,TWIST2,A,1,bHLH,Known motif,4
ENSG00000159184,HOXB13,A,1,Homeobox,Known motif,4
ENSG00000067066,SP100,A,1,SAND,Likely to be sequence specific TF,4
ENSG00000184486,POU3F2,A,1,Pou,Known motif,4
ENSG00000126368,NR1D1,A,1,THR-like,Known motif,4
ENSG00000116017,ARID3A,A,1,ARID,Known motif,4
ENSG00000137709,POU2F3,A,1,Pou,Known motif,4
ENSG00000185668,POU3F1,A,1,Pou,Known motif,4
ENSG00000165588,OTX2,A,1,TF_Otx,Known motif,4
ENSG00000204103,MAFB,B,1,TF_bZIP,Known motif,4
ENSG00000134138,MEIS2,B,1,Homeobox,Known motif,4
ENSG00000131931,THAP1,B,1,THAP,Known motif,4
ENSG00000169856,ONECUT1,B,1,CUT,Known motif,4
ENSG00000168286,THAP11,B,1,THAP,Likely to be sequence specific TF,4
ENSG00000107175,CREB3,B,1,TF_bZIP,Known motif,4
ENSG00000083307,GRHL2,B,1,CP2,Known motif,4
ENSG00000119950,MXI1,B,1,bHLH,Known motif,4
ENSG00000070444,MNT,B,1,bHLH,Known motif,4
ENSG00000147421,HMBOX1,B,1,Homeobox,Known motif,4
ENSG00000177485,ZBTB33,B,1,ZBTB,Known motif,4
ENSG00000275410,HNF1B,B,1,Homeobox,Known motif,4
ENSG00000134046,MBD2,B,1,MBD,Known motif,4
ENSG00000213999,MEF2B,B,1,SRF,Known motif,4
ENSG00000006194,ZNF263,B,1,zf-C2H2,Known motif,4
ENSG00000164330,EBF1,B,1,COE,Known motif,4
ENSG00000074219,TEAD2,B,1,TEA,Known motif,4
ENSG00000143842,SOX13,B,1,HMG,Known motif,4
ENSG00000105610,KLF1,B,1,zf-C2H2,Known motif,4
ENSG00000167081,PBX3,B,1,Homeobox,Known motif,4
ENSG00000156127,BATF,B,1,TF_bZIP,Known motif,4
ENSG00000065970,FOXJ2,B,1,Fork_head,Known motif,4
ENSG00000139651,ZNF740,B,1,zf-C2H2,Known motif,4
ENSG00000170577,SIX2,B,1,Homeobox,Known motif,4
ENSG00000140262,TCF12,B,1,bHLH,Known motif,4
ENSG00000126746,ZNF384,B,1,zf-C2H2,Known motif,4
ENSG00000171606,ZNF274,B,1,zf-C2H2,Known motif,4
ENSG00000177463,NR2C2,B,1,RXR-like,Known motif,4
ENSG00000134107,BHLHE40,B,1,bHLH,Known motif,4
ENSG00000082641,NFE2L1,B,1,TF_bZIP,Known motif,4
ENSG00000118707,TGIF2,C,1,Homeobox,Known motif,4
ENSG00000141568,FOXK2,C,1,Fork_head,Inferred motif,4
ENSG00000204060,FOXO6,C,1,Fork_head,Known motif,4
ENSG00000084676,NCOA1,C,1,bHLH,Likely to be sequence specific TF,4
ENSG00000146592,CREB5,C,1,TF_bZIP,Known motif,4
ENSG00000182158,CREB3L2,C,1,TF_bZIP,Known motif,4
ENSG00000140396,NCOA2,C,1,,Likely to be sequence specific TF,3
ENSG00000135374,ELF5,C,1,ETS,Known motif,4
ENSG00000164916,FOXK1,C,1,Fork_head,Known motif,4
ENSG00000197905,TEAD4,C,1,TEA,Known motif,4
ENSG00000124092,CTCFL,C,1,zf-C2H2,Known motif,4
ENSG00000260596,DUX4,C,1,Homeobox,Known motif,4
ENSG00000177030,DEAF1,C,1,SAND,Inferred motif,4
ENSG00000066136,NFYC,C,1,NF-YC,Known motif,4
ENSG00000072736,NFATC3,C,1,RHD,Known motif,4
ENSG00000100968,NFATC4,C,1,RHD,Known motif,4
ENSG00000085274,MYNN,C,1,ZBTB,Known motif,4
ENSG00000125740,FOSB,C,1,TF_bZIP,Known motif,4
ENSG00000152284,TCF7L1,C,1,HMG,Known motif,4
ENSG00000106261,ZKSCAN1,C,1,zf-C2H2,Known motif,4
ENSG00000197279,ZNF165,C,1,zf-C2H2,Likely to be sequence specific TF,4
ENSG00000165156,ZHX1,C,1,Homeobox,Known motif,4
ENSG00000005889,ZFX,C,1,zf-C2H2,Known motif,4
ENSG00000119138,KLF9,C,1,zf-C2H2,Known motif,4
ENSG00000171940,ZNF217,C,1,zf-C2H2,Known motif,4
ENSG00000180828,BHLHE22,C,1,bHLH,Known motif,4
ENSG00000172466,ZNF24,C,1,zf-C2H2,Likely to be sequence specific TF,4
ENSG00000006468,ETV1,C,1,ETS,Known motif,4
ENSG00000106689,LHX2,C,1,Homeobox,Known motif,4
ENSG00000186448,ZNF197,C,1,zf-C2H2,Known motif,4
ENSG00000139083,ETV6,C,1,ETS,Known motif,4
ENSG00000272333,KMT2B,C,1,,Likely to be sequence specific TF,3
ENSG00000066422,ZBTB11,C,1,ZBTB,Known motif,4
ENSG00000214717,ZBED1,C,1,zf-BED,Known motif,4
ENSG00000172273,HINFP,C,1,zf-C2H2,Known motif,4
ENSG00000087903,RFX2,C,1,RFX,Known motif,4
ENSG00000166716,ZNF592,C,1,zf-C2H2,Likely to be sequence specific TF,4
ENSG00000078399,HOXA9,C,1,Homeobox,Known motif,4
ENSG00000121864,ZNF639,C,1,zf-C2H2,Likely to be sequence specific TF,4
ENSG00000143171,RXRG,C,1,RXR-like,Known motif,4
ENSG00000122482,ZNF644,C,1,,Likely to be sequence specific TF,3
ENSG00000120093,HOXB3,C,1,Homeobox,Known motif,4
ENSG00000171574,ZNF584,C,1,zf-C2H2,Known motif,4
ENSG00000164048,ZNF589,C,1,zf-C2H2,Known motif,4
ENSG00000204231,RXRB,C,1,RXR-like,Known motif,4
ENSG00000167766,ZNF83,C,1,zf-C2H2,Likely to be sequence specific TF,4
ENSG00000185811,IKZF1,C,1,zf-C2H2,Known motif,4
ENSG00000196214,ZNF766,C,1,zf-C2H2,Known motif,4
ENSG00000177045,SIX5,C,1,Homeobox,Known motif,4
ENSG00000101126,ADNP,C,1,Homeobox,Likely to be sequence specific TF,4
ENSG00000170653,ATF7,C,1,TF_bZIP,Known motif,4
ENSG00000176887,SOX11,C,1,HMG,Known motif,4
ENSG00000109787,KLF3,C,1,zf-C2H2,Known motif,4
ENSG00000169926,KLF13,C,1,zf-C2H2,Known motif,4
ENSG00000100219,XBP1,C,1,TF_bZIP,Known motif,4
ENSG00000119866,BCL11A,C,1,zf-C2H2,Known motif,4
ENSG00000165684,SNAPC4,C,1,MYB,Likely to be sequence specific TF,4
ENSG00000163508,EOMES,C,1,T-box,Known motif,4
ENSG00000143995,MEIS1,C,1,Homeobox,Known motif,4
ENSG00000168267,PTF1A,D,1,bHLH,Known motif,4
ENSG00000198807,PAX9,D,1,PAX,Known motif,4
ENSG00000143379,SETDB1,D,1,MBD,Known motif,4
ENSG00000168779,SHOX2,D,1,Homeobox,Known motif,4
ENSG00000185960,SHOX,D,1,Homeobox,Known motif,4
ENSG00000159263,SIM2,D,1,bHLH,Inferred motif,4
ENSG00000126778,SIX1,D,1,Homeobox,Known motif,4
ENSG00000205927,OLIG2,D,1,bHLH,Known motif,4
ENSG00000125850,OVOL2,D,1,zf-C2H2,Known motif,4
ENSG00000100105,PATZ1,D,1,ZBTB,Known motif,4
ENSG00000175325,PROP1,D,1,Homeobox,Known motif,4
ENSG00000115507,OTX1,D,1,TF_Otx,Known motif,4
ENSG00000152217,SETBP1,D,1,Others,Likely to be sequence specific TF,4
ENSG00000119042,SATB2,D,1,CUT,Inferred motif,4
ENSG00000256463,SALL3,D,1,zf-C2H2,Likely to be sequence specific TF,4
ENSG00000106536,POU6F2,D,1,Pou,Known motif,4
ENSG00000196767,POU3F4,D,1,Pou,Known motif,4
ENSG00000152192,POU4F1,D,1,Pou,Known motif,4
ENSG00000080298,RFX3,D,1,RFX,Known motif,4
ENSG00000170325,PRDM10,D,1,zf-C2H2,Likely to be sequence specific TF,4
ENSG00000107859,PITX3,D,1,Homeobox,Known motif,4
ENSG00000165462,PHOX2A,D,1,Homeobox,Known motif,4
ENSG00000109132,PHOX2B,D,1,Homeobox,Known motif,4
ENSG00000110777,POU2AF1,D,1,,Known motif,3
ENSG00000126003,PLAGL2,D,1,zf-C2H2,Known motif,4
ENSG00000106511,MEOX2,D,1,Homeobox,Known motif,4
ENSG00000089094,KDM2B,D,1,,Known motif,3
ENSG00000117595,IRF6,D,1,IRF,Known motif,4
ENSG00000016082,ISL1,D,1,Homeobox,Known motif,4
ENSG00000140044,JDP2,D,1,TF_bZIP,Known motif,4
ENSG00000196233,LCOR,D,1,HTH,Known motif,4
ENSG00000131914,LIN28A,D,1,CSD,Inferred motif,4
ENSG00000136944,LMX1B,D,1,Homeobox,Known motif,4
ENSG00000129911,KLF16,D,1,zf-C2H2,Known motif,4
ENSG00000266265,KLF14,D,1,zf-C2H2,Known motif,4
ENSG00000118263,KLF7,D,1,zf-C2H2,Known motif,4
ENSG00000102349,KLF8,D,1,zf-C2H2,Known motif,4
ENSG00000008441,NFIX,D,1,CTF_NFI,Known motif,4
ENSG00000147862,NFIB,D,1,CTF_NFI,Known motif,4
ENSG00000171532,NEUROD2,D,1,bHLH,Known motif,4
ENSG00000153234,NR4A2,D,1,NGFIB-like,Known motif,4
ENSG00000119508,NR4A3,D,1,NGFIB-like,Known motif,4
ENSG00000125820,NKX2-2,D,1,Homeobox,Known motif,4
ENSG00000167034,NKX3-1,D,1,Homeobox,Known motif,4
ENSG00000177551,NHLH2,D,1,bHLH,Known motif,4
ENSG00000120798,NR2C1,D,1,RXR-like,Known motif,4
ENSG00000278570,NR2E3,D,1,RXR-like,Known motif,4
ENSG00000108788,MLX,D,1,bHLH,Known motif,4
ENSG00000009950,MLXIPL,D,1,bHLH,Known motif,4
ENSG00000163132,MSX1,D,1,Homeobox,Known motif,4
ENSG00000120149,MSX2,D,1,Homeobox,Known motif,4
ENSG00000188786,MTF1,D,1,zf-C2H2,Known motif,4
ENSG00000111049,MYF5,D,1,bHLH,Known motif,4
ENSG00000112561,TFEB,D,1,bHLH,Known motif,4
ENSG00000177426,TGIF1,D,1,Homeobox,Known motif,4
ENSG00000115112,TFCP2L1,D,1,CP2,Known motif,4
ENSG00000153560,UBP1,D,1,CP2,Known motif,4
ENSG00000010244,ZNF207,D,1,Others,Likely to be sequence specific TF,4
ENSG00000196793,ZNF239,D,1,zf-C2H2,Likely to be sequence specific TF,4
ENSG00000065029,ZNF76,D,1,zf-C2H2,Known motif,4
ENSG00000083814,ZNF671,D,1,zf-C2H2,Known motif,4
ENSG00000181220,ZNF746,D,1,zf-C2H2,Likely to be sequence specific TF,4
ENSG00000161914,ZNF653,D,1,zf-C2H2,Known motif,4
ENSG00000146757,ZNF92,D,1,zf-C2H2,Likely to be sequence specific TF,4
ENSG00000036549,ZZZ3,D,1,MYB,Known motif,4
ENSG00000121413,ZSCAN18,D,1,zf-C2H2,Likely to be sequence specific TF,4
ENSG00000198205,ZXDA,D,1,zf-C2H2,Likely to be sequence specific TF,4
ENSG00000070476,ZXDC,D,1,zf-C2H2,Likely to be sequence specific TF,4
ENSG00000197024,ZNF398,D,1,zf-C2H2,Known motif,4
ENSG00000119725,ZNF410,D,1,zf-C2H2,Known motif,4
ENSG00000173480,ZNF417,D,1,zf-C2H2,Known motif,4
ENSG00000105136,ZNF419,D,1,zf-C2H2,Known motif,4
ENSG00000102935,ZNF423,D,1,zf-C2H2,Known motif,4
ENSG00000167685,ZNF444,D,1,zf-C2H2,Known motif,4
ENSG00000145908,ZNF300,D,1,zf-C2H2,Known motif,4
ENSG00000198026,ZNF335,D,1,zf-C2H2,Likely to be sequence specific TF,4
ENSG00000256683,ZNF350,D,1,zf-C2H2,Known motif,4
ENSG00000188283,ZNF383,D,1,zf-C2H2,Known motif,4
ENSG00000230797,YY2,D,1,zf-C2H2,Known motif,4
ENSG00000160685,ZBTB7B,D,1,ZBTB,Known motif,4
ENSG00000181472,ZBTB2,D,1,ZBTB,Known motif,4
ENSG00000198081,ZBTB14,D,1,ZBTB,Known motif,4
ENSG00000196323,ZBTB44,D,1,ZBTB,Known motif,4
ENSG00000168795,ZBTB5,D,1,ZBTB,Likely to be sequence specific TF,4
ENSG00000136451,VEZF1,D,1,zf-C2H2,Known motif,4
ENSG00000213762,ZNF134,D,1,zf-C2H2,Known motif,4
ENSG00000176293,ZNF135,D,1,zf-C2H2,Known motif,4
ENSG00000156925,ZIC3,D,1,zf-C2H2,Known motif,4
ENSG00000105497,ZNF175,D,1,zf-C2H2,Known motif,4
ENSG00000096654,ZNF184,D,1,zf-C2H2,Known motif,4
ENSG00000136870,ZNF189,D,1,zf-C2H2,Known motif,4
ENSG00000170631,ZNF16,D,1,zf-C2H2,Known motif,4
ENSG00000170949,ZNF160,D,1,zf-C2H2,Likely to be sequence specific TF,4
ENSG00000020256,ZFP64,D,1,zf-C2H2,Known motif,4
ENSG00000184939,ZFP90,D,1,zf-C2H2,Known motif,4
ENSG00000166211,SPIC,D,1,ETS,Known motif,4
ENSG00000189120,SP6,D,1,zf-C2H2,Inferred motif,4
ENSG00000170374,SP7,D,1,zf-C2H2,Known motif,4
ENSG00000184895,SRY,D,1,HMG,Known motif,4
ENSG00000164736,SOX17,D,1,HMG,Known motif,4
ENSG00000120693,SMAD9,D,1,MH1,Known motif,4
ENSG00000132604,TERF2,D,1,MYB,Inferred motif,4
ENSG00000134532,SOX5,D,1,HMG,Known motif,4
ENSG00000028839,TBPL1,D,1,,Likely to be sequence specific TF,3
ENSG00000136535,TBR1,D,1,T-box,Known motif,4
ENSG00000164532,TBX20,D,1,T-box,Known motif,4
ENSG00000135111,TBX3,D,1,T-box,Known motif,4
ENSG00000147601,TERF1,D,1,MYB,Likely to be sequence specific TF,4
ENSG00000167074,TEF,D,1,TF_bZIP,Known motif,4
ENSG00000276644,DACH1,D,1,DACH,Likely to be sequence specific TF,4
ENSG00000105516,DBP,D,1,TF_bZIP,Known motif,4
ENSG00000154832,CXXC1,D,1,,Known motif,3
ENSG00000175550,DRAP1,D,1,,Likely to be sequence specific TF,3
ENSG00000064195,DLX3,D,1,Homeobox,Known motif,4
ENSG00000108813,DLX4,D,1,Homeobox,Known motif,4
ENSG00000105880,DLX5,D,1,Homeobox,Known motif,4
ENSG00000176399,DMRTA1,D,1,DM,Known motif,4
ENSG00000135625,EGR4,D,1,zf-C2H2,Known motif,4
ENSG00000102034,ELF4,D,1,ETS,Known motif,4
ENSG00000108001,EBF3,D,1,COE,Known motif,4
ENSG00000119919,NKX2-3,D,1,Homeobox,Known motif,4
ENSG00000123095,BHLHE41,D,1,bHLH,Known motif,4
ENSG00000171634,BPTF,D,1,,Known motif,3
ENSG00000096401,CDC5L,D,1,MYB,Known motif,4
ENSG00000004848,ARX,D,1,Homeobox,Known motif,4
ENSG00000160224,AIRE,D,1,SAND,Known motif,4
ENSG00000043039,BARX2,D,1,Homeobox,Known motif,4
ENSG00000180535,BHLHA15,D,1,bHLH,Known motif,4
ENSG00000105392,CRX,D,1,Homeobox,Known motif,4
ENSG00000143578,CREB3L4,D,1,TF_bZIP,Known motif,4
ENSG00000130700,GATA5,D,1,zf-GATA,Known motif,4
ENSG00000168505,GBX2,D,1,Homeobox,Known motif,4
ENSG00000137270,GCM1,D,1,GCM,Known motif,4
ENSG00000164379,FOXQ1,D,1,Fork_head,Known motif,4
ENSG00000102878,HSF4,D,1,HSF,Known motif,4
ENSG00000197757,HOXC6,D,1,Homeobox,Known motif,4
ENSG00000180806,HOXC9,D,1,Homeobox,Known motif,4
ENSG00000128645,HOXD1,D,1,Homeobox,Known motif,4
ENSG00000128710,HOXD10,D,1,Homeobox,Known motif,4
ENSG00000128714,HOXD13,D,1,Homeobox,Known motif,4
ENSG00000175879,HOXD8,D,1,Homeobox,Known motif,4
ENSG00000128709,HOXD9,D,1,Homeobox,Known motif,4
ENSG00000123364,HOXC13,D,1,Homeobox,Known motif,4
ENSG00000120068,HOXB8,D,1,Homeobox,Known motif,4
ENSG00000170689,HOXB9,D,1,Homeobox,Known motif,4
ENSG00000180818,HOXC10,D,1,Homeobox,Known motif,4
ENSG00000173917,HOXB2,D,1,Homeobox,Known motif,4
ENSG00000182742,HOXB4,D,1,Homeobox,Known motif,4
ENSG00000106031,HOXA13,D,1,Homeobox,Known motif,4
ENSG00000122592,HOXA7,D,1,Homeobox,Known motif,4
ENSG00000105991,HOXA1,D,1,Homeobox,Known motif,4
ENSG00000120094,HOXB1,D,1,Homeobox,Known motif,4
ENSG00000163909,HEYL,D,1,bHLH,Inferred motif,4
ENSG00000144485,HES6,D,1,bHLH,Known motif,4
ENSG00000136630,HLX,D,1,Homeobox,Known motif,4
ENSG00000149948,HMGA2,D,1,HMGA,Known motif,4
ENSG00000064961,HMG20B,D,1,HMG,Inferred motif,4
ENSG00000010818,HIVEP2,D,1,zf-C2H2,Known motif,4
ENSG00000095951,HIVEP1,D,1,zf-C2H2,Known motif,4
ENSG00000124440,HIF3A,D,1,bHLH,Inferred motif,4
ENSG00000137947,GTF2B,D,1,,Known motif,3
ENSG00000133937,GSC,D,1,Homeobox,Known motif,4
ENSG00000107249,GLIS3,D,1,zf-C2H2,Known motif,4
ENSG00000134317,GRHL1,D,1,CP2,Known motif,4
ENSG00000164107,HAND2,D,1,bHLH,Known motif,4
ENSG00000125812,GZF1,D,1,ZBTB,Known motif,4
ENSG00000122034,GTF3A,D,1,zf-C2H2,Known motif,4
ENSG00000244405,ETV5,D,1,ETS,Known motif,4
ENSG00000183733,FIGLA,D,1,bHLH,Known motif,4
ENSG00000106038,EVX1,D,1,Homeobox,Known motif,4
ENSG00000010030,ETV7,D,1,ETS,Known motif,4
ENSG00000119715,ESRRB,D,1,ESR-like,Known motif,4
ENSG00000196482,ESRRG,D,1,ESR-like,Known motif,4
ENSG00000123576,ESX1,D,1,Homeobox,Known motif,4
ENSG00000054598,FOXC1,D,1,Fork_head,Known motif,4
ENSG00000176692,FOXC2,D,1,Fork_head,Known motif,4
ENSG00000178919,FOXE1,D,1,Fork_head,Known motif,4
ENSG00000137273,FOXF2,D,1,Fork_head,Known motif,4
ENSG00000176165,FOXG1,D,1,Fork_head,Known motif,4
ENSG00000160973,FOXH1,D,1,Fork_head,Known motif,4
ENSG00000168269,FOXI1,D,1,Fork_head,Known motif,4
ENSG00000129654,FOXJ1,D,1,Fork_head,Known motif,4
ENSG00000176678,FOXL1,D,1,Fork_head,Known motif,4
ENSG00000109101,FOXN1,D,1,Fork_head,Known motif,4
ENSG00000139445,FOXN4,D,1,Fork_head,Known motif,4
ENSG00000177932,ZNF354C,,1,zf-C2H2,Known motif,3
ENSG00000161940,BCL6B,,1,ZBTB,Known motif,3
ENSG00000168826,ZBTB49,,1,ZBTB,Known motif,3
ENSG00000167840,ZNF232,,1,zf-C2H2,Known motif,3
ENSG00000170265,ZNF282,,1,zf-C2H2,Known motif,3
ENSG00000196812,ZSCAN16,,1,zf-C2H2,Known motif,3
ENSG00000171443,ZNF524,,1,zf-C2H2,Known motif,3
ENSG00000178665,ZNF713,,1,zf-C2H2,Known motif,3
ENSG00000162086,ZNF75A,,1,zf-C2H2,Known motif,3
ENSG00000180532,ZSCAN4,,1,zf-C2H2,Known motif,3
ENSG00000010539,ZNF200,,1,zf-C2H2,Known motif,3
ENSG00000197343,ZNF655,,1,zf-C2H2,Known motif,3
ENSG00000100987,VSX1,,1,Homeobox,Known motif,3
ENSG00000105717,PBX4,,1,Homeobox,Known motif,3
ENSG00000116035,VAX2,,1,Homeobox,Known motif,3
ENSG00000119614,VSX2,,1,Homeobox,Known motif,3
ENSG00000136327,NKX2-8,,1,Homeobox,Known motif,3
ENSG00000151650,VENTX,,1,Homeobox,Known motif,3
ENSG00000163666,HESX1,,1,Homeobox,Known motif,3
ENSG00000175329,ISX,,1,Homeobox,Known motif,3
ENSG00000184302,SIX6,,1,Homeobox,Known motif,3
ENSG00000198353,HOXC4,,1,Homeobox,Known motif,3
ENSG00000009709,PAX7,,1,PAX,Known motif,3
ENSG00000091010,POU4F3,,1,Pou,Known motif,3
ENSG00000112511,PHF1,,1,,Known motif,2
ENSG00000143033,MTF2,,1,,Known motif,2
ENSG00000127152,BCL11B,,1,zf-C2H2,Known motif,3
ENSG00000170802,FOXN2,,1,Fork_head,Known motif,3
ENSG00000176302,FOXR1,,1,Fork_head,Known motif,3
ENSG00000120669,SOHLH2,,1,bHLH,Known motif,3
ENSG00000140265,ZSCAN29,,1,zf-C2H2,Known motif,3
ENSG00000177946,CENPBD1,,1,,Known motif,2
ENSG00000221944,TIGD1,,1,,Known motif,2
ENSG00000171604,CXXC5,,1,,Known motif,2
ENSG00000053254,FOXN3,,1,Fork_head,Known motif,3
ENSG00000165259,HDX,,1,Homeobox,Known motif,3
ENSG00000258873,DUXA,,1,Homeobox,Known motif,3
ENSG00000066697,MSANTD3,,1,,Known motif,2
ENSG00000178177,LCORL,,1,HTH,Known motif,3
ENSG00000111249,CUX2,,1,CUT,Known motif,3
ENSG00000143355,LHX9,,1,Homeobox,Known motif,3
ENSG00000212993,POU5F1B,,1,Pou,Known motif,3
ENSG00000138336,TET1,,1,,Known motif,2
ENSG00000064218,DMRT3,,1,DM,Known motif,3
ENSG00000137090,DMRT1,,1,DM,Known motif,3
ENSG00000142700,DMRTA2,,1,DM,Known motif,3
ENSG00000173253,DMRT2,,1,DM,Known motif,3
ENSG00000105996,HOXA2,,1,Homeobox,Known motif,3
ENSG00000106410,NOBOX,,1,Homeobox,Known motif,3
ENSG00000106852,LHX6,,1,Homeobox,Known motif,3
ENSG00000115297,TLX2,,1,Homeobox,Known motif,3
ENSG00000135638,EMX1,,1,Homeobox,Known motif,3
ENSG00000136367,ZFHX2,,1,Homeobox,Known motif,3
ENSG00000138136,LBX1,,1,Homeobox,Known motif,3
ENSG00000184271,POU6F1,,1,Pou,Known motif,3
ENSG00000227059,ANHX,,1,Homeobox,Known motif,3
ENSG00000124920,MYRF,,1,NDT80_PhoG,Known motif,3
ENSG00000162419,GMEB1,,1,SAND,Known motif,3
ENSG00000137492,THAP12,,1,THAP,Known motif,3
ENSG00000251493,FOXD1,,1,Fork_head,Known motif,3
ENSG00000198815,FOXJ3,,1,Fork_head,Known motif,3
ENSG00000068323,TFE3,,1,bHLH,Known motif,3
ENSG00000105967,TFEC,,1,bHLH,Known motif,3
ENSG00000125533,BHLHE23,,1,bHLH,Known motif,3
ENSG00000166823,MESP1,,1,bHLH,Known motif,3
ENSG00000171786,NHLH1,,1,bHLH,Known motif,3
ENSG00000177468,OLIG3,,1,bHLH,Known motif,3
ENSG00000178403,NEUROG2,,1,bHLH,Known motif,3
ENSG00000179111,HES7,,1,bHLH,Known motif,3
ENSG00000184221,OLIG1,,1,bHLH,Known motif,3
ENSG00000197921,HES5,,1,bHLH,Known motif,3
ENSG00000174197,MGA,,1,T-box,Known motif,3
ENSG00000123685,BATF3,,1,TF_bZIP,Known motif,3
ENSG00000110851,PRDM4,,1,zf-C2H2,Known motif,3
ENSG00000126603,GLIS2,,1,zf-C2H2,Known motif,3
ENSG00000164651,SP8,,1,zf-C2H2,Known motif,3
ENSG00000169635,HIC2,,1,ZBTB,Known motif,3
ENSG00000174332,GLIS1,,1,zf-C2H2,Known motif,3
ENSG00000174963,ZIC4,,1,zf-C2H2,Known motif,3
ENSG00000179456,ZBTB18,,1,ZBTB,Known motif,3
ENSG00000179922,ZNF784,,1,zf-C2H2,Known motif,3
ENSG00000184828,ZBTB7C,,1,ZBTB,Known motif,3
ENSG00000189298,ZKSCAN3,,1,zf-C2H2,Known motif,3
ENSG00000215397,SCRT2,,1,zf-C2H2,Known motif,3
ENSG00000261678,SCRT1,,1,zf-C2H2,Known motif,3
ENSG00000125817,CENPB,,1,,Known motif,2
ENSG00000205922,ONECUT3,,1,CUT,Known motif,3
ENSG00000105672,ETV2,,1,ETS,Known motif,3
ENSG00000163497,FEV,,1,ETS,Known motif,3
ENSG00000171956,FOXB1,,1,Fork_head,Known motif,3
ENSG00000186564,FOXD2,,1,Fork_head,Known motif,3
ENSG00000005102,MEOX1,,1,Homeobox,Known motif,3
ENSG00000006377,DLX6,,1,Homeobox,Known motif,3
ENSG00000052850,ALX4,,1,Homeobox,Known motif,3
ENSG00000063515,GSC2,,1,Homeobox,Known motif,3
ENSG00000101883,RHOXF1,,1,Homeobox,Known motif,3
ENSG00000105419,MEIS3,,1,Homeobox,Known motif,3
ENSG00000115844,DLX2,,1,Homeobox,Known motif,3
ENSG00000116132,PRRX1,,1,Homeobox,Known motif,3
ENSG00000120075,HOXB5,,1,Homeobox,Known motif,3
ENSG00000123407,HOXC12,,1,Homeobox,Known motif,3
ENSG00000128713,HOXD11,,1,Homeobox,Known motif,3
ENSG00000130675,MNX1,,1,Homeobox,Known motif,3
ENSG00000131668,BARX1,,1,Homeobox,Known motif,3
ENSG00000134438,RAX,,1,Homeobox,Known motif,3
ENSG00000143032,BARHL2,,1,Homeobox,Known motif,3
ENSG00000144355,DLX1,,1,Homeobox,Known motif,3
ENSG00000148704,VAX1,,1,Homeobox,Known motif,3
ENSG00000153779,TGIF2LX,,1,Homeobox,Known motif,3
ENSG00000156150,ALX3,,1,Homeobox,Known motif,3
ENSG00000159556,ISL2,,1,Homeobox,Known motif,3
ENSG00000162761,LMX1A,,1,Homeobox,Known motif,3
ENSG00000164778,EN2,,1,Homeobox,Known motif,3
ENSG00000164853,UNCX,,1,Homeobox,Known motif,3
ENSG00000164900,GBX1,,1,Homeobox,Known motif,3
ENSG00000165495,PKNOX2,,1,Homeobox,Known motif,3
ENSG00000165606,DRGX,,1,Homeobox,Known motif,3
ENSG00000167157,PRRX2,,1,Homeobox,Known motif,3
ENSG00000169840,GSX1,,1,Homeobox,Known motif,3
ENSG00000170178,HOXD12,,1,Homeobox,Known motif,3
ENSG00000170370,EMX2,,1,Homeobox,Known motif,3
ENSG00000170561,IRX2,,1,Homeobox,Known motif,3
ENSG00000173976,RAX2,,1,Homeobox,Known motif,3
ENSG00000174279,EVX2,,1,Homeobox,Known motif,3
ENSG00000176842,IRX5,,1,Homeobox,Known motif,3
ENSG00000179528,LBX2,,1,Homeobox,Known motif,3
ENSG00000180318,ALX1,,1,Homeobox,Known motif,3
ENSG00000180613,GSX2,,1,Homeobox,Known motif,3
ENSG00000185155,MIXL1,,1,Homeobox,Known motif,3
ENSG00000188620,HMX3,,1,Homeobox,Known motif,3
ENSG00000188816,HMX2,,1,Homeobox,Known motif,3
ENSG00000188909,BSX,,1,Homeobox,Known motif,3
ENSG00000197587,DMBX1,,1,Homeobox,Known motif,3
ENSG00000204595,DPRX,,1,Homeobox,Known motif,3
ENSG00000214513,NOTO,,1,Homeobox,Known motif,3
ENSG00000215271,HOMEZ,,1,Homeobox,Known motif,3
ENSG00000215612,HMX1,,1,Homeobox,Known motif,3
ENSG00000198914,POU3F3,,1,Pou,Known motif,3
ENSG00000169953,HSFY2,,1,HSF,Known motif,3
ENSG00000111783,RFX4,,1,RFX,Known motif,3
ENSG00000101216,GMEB2,,1,SAND,Known motif,3
ENSG00000125285,SOX21,,1,HMG,Known motif,3
ENSG00000129194,SOX15,,1,HMG,Known motif,3
ENSG00000168875,SOX14,,1,HMG,Known motif,3
ENSG00000171056,SOX7,,1,HMG,Known motif,3
ENSG00000203883,SOX18,,1,HMG,Known motif,3
ENSG00000092607,TBX15,,1,T-box,Known motif,3
ENSG00000121075,TBX4,,1,T-box,Known motif,3
ENSG00000143178,TBX19,,1,T-box,Known motif,3
ENSG00000184058,TBX1,,1,T-box,Known motif,3
ENSG00000007866,TEAD3,,1,TEA,Known motif,3
ENSG00000214575,CPEB1,,1,Others,Known motif,3
ENSG00000213676,ATF6B,,1,TF_bZIP,Known motif,3
ENSG00000116819,TFAP2E,,1,AP-2,Known motif,3
ENSG00000069812,HES2,,1,bHLH,Known motif,3
ENSG00000118526,TCF21,,1,bHLH,Known motif,3
ENSG00000146618,FERD3L,,1,bHLH,Known motif,3
ENSG00000151379,MSGN1,,1,bHLH,Known motif,3
ENSG00000172379,ARNT2,,1,bHLH,Known motif,3
ENSG00000179774,ATOH7,,1,bHLH,Known motif,3
ENSG00000181965,NEUROG1,,1,bHLH,Known motif,3
ENSG00000183734,ASCL2,,1,bHLH,Known motif,3
ENSG00000188095,MESP2,,1,bHLH,Known motif,3
ENSG00000011332,DPF1,,1,,Known motif,2
ENSG00000011590,ZBTB32,,1,ZBTB,Known motif,3
ENSG00000088876,ZNF343,,1,zf-C2H2,Known motif,3
ENSG00000102984,ZNF821,,1,zf-C2H2,Known motif,3
ENSG00000103343,ZNF174,,1,zf-C2H2,Known motif,3
ENSG00000117010,ZNF684,,1,zf-C2H2,Known motif,3
ENSG00000119574,ZBTB45,,1,ZBTB,Known motif,3
ENSG00000131848,ZSCAN5A,,1,zf-C2H2,Known motif,3
ENSG00000137185,ZSCAN9,,1,zf-C2H2,Known motif,3
ENSG00000139800,ZIC5,,1,zf-C2H2,Known motif,3
ENSG00000142409,ZNF787,,1,zf-C2H2,Known motif,3
ENSG00000143867,OSR1,,1,zf-C2H2,Known motif,3
ENSG00000144792,ZNF660,,1,zf-C2H2,Known motif,3
ENSG00000151789,ZNF385D,,1,,Known motif,2
ENSG00000152467,ZSCAN1,,1,zf-C2H2,Known motif,3
ENSG00000158805,ZNF276,,1,zf-C2H2,Known motif,3
ENSG00000162702,ZNF281,,1,zf-C2H2,Known motif,3
ENSG00000164631,ZNF12,,1,zf-C2H2,Known motif,3
ENSG00000164684,ZNF704,,1,Others,Known motif,3
ENSG00000164920,OSR2,,1,zf-C2H2,Known motif,3
ENSG00000167377,ZNF23,,1,zf-C2H2,Known motif,3
ENSG00000167981,ZNF597,,1,zf-C2H2,Known motif,3
ENSG00000169155,ZBTB43,,1,ZBTB,Known motif,3
ENSG00000169740,ZNF32,,1,zf-C2H2,Known motif,3
ENSG00000170684,ZNF296,,1,zf-C2H2,Known motif,3
ENSG00000171448,ZBTB26,,1,ZBTB,Known motif,3
ENSG00000171872,KLF17,,1,zf-C2H2,Known motif,3
ENSG00000172818,OVOL1,,1,zf-C2H2,Known motif,3
ENSG00000173275,ZNF449,,1,zf-C2H2,Known motif,3
ENSG00000178187,ZNF454,,1,zf-C2H2,Known motif,3
ENSG00000179059,ZFP42,,1,zf-C2H2,Known motif,3
ENSG00000179965,ZNF771,,1,zf-C2H2,Known motif,3
ENSG00000181638,ZFP41,,1,zf-C2H2,Known motif,3
ENSG00000181722,ZBTB20,,1,ZBTB,Known motif,3
ENSG00000184517,ZFP1,,1,zf-C2H2,Known motif,3
ENSG00000185278,ZBTB37,,1,ZBTB,Known motif,3
ENSG00000185669,SNAI3,,1,zf-C2H2,Known motif,3
ENSG00000186446,ZNF501,,1,zf-C2H2,Known motif,3
ENSG00000186496,ZNF396,,1,zf-C2H2,Known motif,3
ENSG00000187987,ZSCAN23,,1,zf-C2H2,Known motif,3
ENSG00000188629,ZNF177,,1,zf-C2H2,Known motif,3
ENSG00000196150,ZNF250,,1,zf-C2H2,Known motif,3
ENSG00000196387,ZNF140,,1,zf-C2H2,Known motif,3
ENSG00000197714,ZNF460,,1,zf-C2H2,Known motif,3
ENSG00000204366,ZBTB12,,1,ZBTB,Known motif,3
ENSG00000213015,ZNF580,,1,zf-C2H2,Known motif,3
ENSG00000217236,SP9,,1,zf-C2H2,Known motif,3
ENSG00000235109,ZSCAN31,,1,zf-C2H2,Known motif,3
ENSG00000236104,ZBTB22,,1,ZBTB,Known motif,3
ENSG00000251247,ZNF345,,1,zf-C2H2,Known motif,3
ENSG00000139793,MBNL2,,1,,Likely to be sequence specific TF,2
ENSG00000187772,LIN28B,,1,CSD,Known motif,3
ENSG00000142025,DMRTC2,,1,DM,Known motif,3
ENSG00000189299,FOXR2,,1,Fork_head,Known motif,3
ENSG00000089116,LHX5,,1,Homeobox,Known motif,3
ENSG00000100625,SIX4,,1,Homeobox,Known motif,3
ENSG00000106006,HOXA6,,1,Homeobox,Known motif,3
ENSG00000108511,HOXB6,,1,Homeobox,Known motif,3
ENSG00000109705,NKX3-2,,1,Homeobox,Known motif,3
ENSG00000125492,BARHL1,,1,Homeobox,Known motif,3
ENSG00000131264,CDX4,,1,Homeobox,Known motif,3
ENSG00000131721,RHOXF2,,1,Homeobox,Known motif,3
ENSG00000138083,SIX3,,1,Homeobox,Known motif,3
ENSG00000148826,NKX6-2,,1,Homeobox,Known motif,3
ENSG00000162624,LHX8,,1,Homeobox,Known motif,3
ENSG00000164438,TLX3,,1,Homeobox,Known motif,3
ENSG00000165066,NKX6-3,,1,Homeobox,Known motif,3
ENSG00000170166,HOXD4,,1,Homeobox,Known motif,3
ENSG00000170549,IRX1,,1,Homeobox,Known motif,3
ENSG00000176679,TGIF2LY,,1,Homeobox,Known motif,3
ENSG00000177508,IRX3,,1,Homeobox,Known motif,3
ENSG00000186103,ARGFX,,1,Homeobox,Known motif,3
ENSG00000273706,LHX1,,1,Homeobox,Known motif,3
ENSG00000172468,HSFY1,,1,HSF,Known motif,3
ENSG00000176160,HSF5,,1,HSF,Known motif,3
ENSG00000148200,NR6A1,,1,GCNF-like,Known motif,3
ENSG00000174738,NR1D2,,1,THR-like,Known motif,3
ENSG00000198963,RORB,,1,THR-like,Known motif,3
ENSG00000181827,RFX7,,1,RFX,Known motif,3
ENSG00000215474,SKOR2,,1,,Known motif,2
ENSG00000039600,SOX30,,1,HMG,Known motif,3
ENSG00000114439,BBX,,1,HMG,Known motif,3
ENSG00000134595,SOX3,,1,HMG,Known motif,3
ENSG00000177732,SOX12,,1,HMG,Known motif,3
ENSG00000112837,TBX18,,1,T-box,Known motif,3
ENSG00000149922,TBX6,,1,T-box,Known motif,3
ENSG00000136936,XPA,,1,Others,Known motif,3
ENSG00000188779,SKOR1,,1,,Known motif,2
ENSG00000142065,ZFP14,,1,zf-C2H2,Known motif,3
ENSG00000170954,ZNF415,,1,zf-C2H2,Known motif,3
ENSG00000181007,ZFP82,,1,zf-C2H2,Known motif,3
ENSG00000196345,ZKSCAN7,,1,zf-C2H2,Known motif,3
ENSG00000196453,ZNF777,,1,zf-C2H2,Known motif,3
ENSG00000197124,ZNF682,,1,zf-C2H2,Known motif,3
ENSG00000155592,ZKSCAN2,,1,zf-C2H2,Known motif,3
ENSG00000018869,ZNF582,,1,zf-C2H2,Known motif,3
ENSG00000081665,ZNF506,,1,zf-C2H2,Known motif,3
ENSG00000083812,ZNF324,,1,zf-C2H2,Known motif,3
ENSG00000083844,ZNF264,,1,zf-C2H2,Known motif,3
ENSG00000089335,ZNF302,,1,zf-C2H2,Known motif,3
ENSG00000105750,ZNF85,,1,zf-C2H2,Known motif,3
ENSG00000118620,ZNF430,,1,zf-C2H2,Known motif,3
ENSG00000121406,ZNF549,,1,zf-C2H2,Known motif,3
ENSG00000121417,ZNF211,,1,zf-C2H2,Known motif,3
ENSG00000122386,ZNF205,,1,zf-C2H2,Known motif,3
ENSG00000124459,ZNF45,,1,zf-C2H2,Known motif,3
ENSG00000125846,ZNF133,,1,zf-C2H2,Known motif,3
ENSG00000127081,ZNF484,,1,zf-C2H2,Known motif,3
ENSG00000130544,ZNF557,,1,zf-C2H2,Known motif,3
ENSG00000130684,ZNF337,,1,zf-C2H2,Known motif,3
ENSG00000130803,ZNF317,,1,zf-C2H2,Known motif,3
ENSG00000130844,ZNF331,,1,zf-C2H2,Known motif,3
ENSG00000131127,ZNF141,,1,zf-C2H2,Known motif,3
ENSG00000131845,ZNF304,,1,zf-C2H2,Known motif,3
ENSG00000131849,ZNF132,,1,zf-C2H2,Known motif,3
ENSG00000141040,ZNF287,,1,zf-C2H2,Known motif,3
ENSG00000141946,ZIM3,,1,zf-C2H2,Known motif,3
ENSG00000142556,ZNF614,,1,zf-C2H2,Known motif,3
ENSG00000146587,RBAK,,1,zf-C2H2,Known motif,3
ENSG00000147117,ZNF157,,1,zf-C2H2,Known motif,3
ENSG00000147118,ZNF182,,1,zf-C2H2,Known motif,3
ENSG00000147789,ZNF7,,1,zf-C2H2,Known motif,3
ENSG00000149050,ZNF214,,1,zf-C2H2,Known motif,3
ENSG00000152433,ZNF547,,1,zf-C2H2,Known motif,3
ENSG00000152443,ZNF776,,1,zf-C2H2,Known motif,3
ENSG00000154957,ZNF18,,1,zf-C2H2,Known motif,3
ENSG00000157429,ZNF19,,1,zf-C2H2,Known motif,3
ENSG00000159885,ZNF222,,1,zf-C2H2,Known motif,3
ENSG00000159917,ZNF235,,1,zf-C2H2,Known motif,3
ENSG00000160352,ZNF714,,1,zf-C2H2,Known motif,3
ENSG00000160961,ZNF333,,1,zf-C2H2,Known motif,3
ENSG00000162714,ZNF496,,1,zf-C2H2,Known motif,3
ENSG00000164256,PRDM9,,1,zf-C2H2,Known motif,3
ENSG00000166526,ZNF3,,1,zf-C2H2,Known motif,3
ENSG00000167384,ZNF180,,1,zf-C2H2,Known motif,3
ENSG00000167528,ZNF641,,1,zf-C2H2,Known motif,3
ENSG00000167554,ZNF610,,1,zf-C2H2,Known motif,3
ENSG00000167555,ZNF528,,1,zf-C2H2,Known motif,3
ENSG00000167562,ZNF701,,1,zf-C2H2,Known motif,3
ENSG00000167637,ZNF283,,1,zf-C2H2,Known motif,3
ENSG00000167785,ZNF558,,1,zf-C2H2,Known motif,3
ENSG00000168661,ZNF30,,1,zf-C2H2,Known motif,3
ENSG00000169131,ZNF354A,,1,zf-C2H2,Known motif,3
ENSG00000169951,ZNF764,,1,zf-C2H2,Known motif,3
ENSG00000170100,ZNF778,,1,zf-C2H2,Known motif,3
ENSG00000170260,ZNF212,,1,zf-C2H2,Known motif,3
ENSG00000171291,ZNF439,,1,zf-C2H2,Known motif,3
ENSG00000171295,ZNF440,,1,zf-C2H2,Known motif,3
ENSG00000171466,ZNF562,,1,zf-C2H2,Known motif,3
ENSG00000171469,ZNF561,,1,zf-C2H2,Known motif,3
ENSG00000171649,ZIK1,,1,zf-C2H2,Known motif,3
ENSG00000171817,ZNF540,,1,zf-C2H2,Known motif,3
ENSG00000171827,ZNF570,,1,zf-C2H2,Known motif,3
ENSG00000172888,ZNF621,,1,zf-C2H2,Known motif,3
ENSG00000173041,ZNF680,,1,zf-C2H2,Known motif,3
ENSG00000173258,ZNF483,,1,zf-C2H2,Known motif,3
ENSG00000173875,ZNF791,,1,zf-C2H2,Known motif,3
ENSG00000174652,ZNF266,,1,zf-C2H2,Known motif,3
ENSG00000175322,ZNF519,,1,zf-C2H2,Known motif,3
ENSG00000175395,ZNF25,,1,zf-C2H2,Known motif,3
ENSG00000175691,ZNF77,,1,zf-C2H2,Known motif,3
ENSG00000175787,ZNF169,,1,zf-C2H2,Known motif,3
ENSG00000176024,ZNF613,,1,zf-C2H2,Known motif,3
ENSG00000177842,ZNF620,,1,zf-C2H2,Known motif,3
ENSG00000177873,ZNF619,,1,zf-C2H2,Known motif,3
ENSG00000178150,ZNF114,,1,zf-C2H2,Known motif,3
ENSG00000178229,ZNF543,,1,zf-C2H2,Known motif,3
ENSG00000178338,ZNF354B,,1,zf-C2H2,Known motif,3
ENSG00000178386,ZNF223,,1,zf-C2H2,Known motif,3
ENSG00000178935,ZNF552,,1,zf-C2H2,Known motif,3
ENSG00000179909,ZNF154,,1,zf-C2H2,Known motif,3
ENSG00000180257,ZNF816,,1,zf-C2H2,Known motif,3
ENSG00000180479,ZNF571,,1,zf-C2H2,Known motif,3
ENSG00000180855,ZNF443,,1,zf-C2H2,Known motif,3
ENSG00000180884,ZNF792,,1,zf-C2H2,Known motif,3
ENSG00000181135,ZNF707,,1,zf-C2H2,Known motif,3
ENSG00000181896,ZNF101,,1,zf-C2H2,Known motif,3
ENSG00000182111,ZNF716,,1,zf-C2H2,Known motif,3
ENSG00000182141,ZNF708,,1,zf-C2H2,Known motif,3
ENSG00000182983,ZNF662,,1,zf-C2H2,Known motif,3
ENSG00000182986,ZNF320,,1,zf-C2H2,Known motif,3
ENSG00000183647,ZNF530,,1,zf-C2H2,Known motif,3
ENSG00000183850,ZNF730,,1,zf-C2H2,Known motif,3
ENSG00000184635,ZNF93,,1,zf-C2H2,Known motif,3
ENSG00000185177,ZNF479,,1,zf-C2H2,Known motif,3
ENSG00000185219,ZNF445,,1,zf-C2H2,Known motif,3
ENSG00000185252,ZNF74,,1,zf-C2H2,Known motif,3
ENSG00000186017,ZNF566,,1,zf-C2H2,Known motif,3
ENSG00000186020,ZNF529,,1,zf-C2H2,Known motif,3
ENSG00000186026,ZNF284,,1,zf-C2H2,Known motif,3
ENSG00000186230,ZNF749,,1,zf-C2H2,Known motif,3
ENSG00000186272,ZNF17,,1,zf-C2H2,Known motif,3
ENSG00000186300,ZNF555,,1,zf-C2H2,Known motif,3
ENSG00000186376,ZNF75D,,1,zf-C2H2,Known motif,3
ENSG00000187801,ZFP69B,,1,zf-C2H2,Known motif,3
ENSG00000187815,ZFP69,,1,zf-C2H2,Known motif,3
ENSG00000188171,ZNF626,,1,zf-C2H2,Known motif,3
ENSG00000188227,ZNF793,,1,zf-C2H2,Known motif,3
ENSG00000188295,ZNF669,,1,zf-C2H2,Known motif,3
ENSG00000188785,ZNF548,,1,zf-C2H2,Known motif,3
ENSG00000189042,ZNF567,,1,zf-C2H2,Known motif,3
ENSG00000189144,ZNF573,,1,zf-C2H2,Known motif,3
ENSG00000189164,ZNF527,,1,zf-C2H2,Known motif,3
ENSG00000189180,ZNF33A,,1,zf-C2H2,Known motif,3
ENSG00000196152,ZNF79,,1,zf-C2H2,Known motif,3
ENSG00000196172,ZNF681,,1,zf-C2H2,Known motif,3
ENSG00000196357,ZNF565,,1,zf-C2H2,Known motif,3
ENSG00000196417,ZNF765,,1,zf-C2H2,Known motif,3
ENSG00000196418,ZNF124,,1,zf-C2H2,Known motif,3
ENSG00000196458,ZNF605,,1,zf-C2H2,Known motif,3
ENSG00000196466,ZNF799,,1,zf-C2H2,Known motif,3
ENSG00000196597,ZNF782,,1,zf-C2H2,Known motif,3
ENSG00000196605,ZNF846,,1,zf-C2H2,Known motif,3
ENSG00000196646,ZNF136,,1,zf-C2H2,Known motif,3
ENSG00000196652,ZKSCAN5,,1,zf-C2H2,Known motif,3
ENSG00000196693,ZNF33B,,1,zf-C2H2,Known motif,3
ENSG00000196705,ZNF431,,1,zf-C2H2,Known motif,3
ENSG00000196724,ZNF418,,1,zf-C2H2,Known motif,3
ENSG00000196967,ZNF585A,,1,zf-C2H2,Known motif,3
ENSG00000197013,ZNF429,,1,zf-C2H2,Known motif,3
ENSG00000197020,ZNF100,,1,zf-C2H2,Known motif,3
ENSG00000197044,ZNF441,,1,zf-C2H2,Known motif,3
ENSG00000197134,ZNF257,,1,zf-C2H2,Known motif,3
ENSG00000197162,ZNF785,,1,zf-C2H2,Known motif,3
ENSG00000197362,ZNF786,,1,zf-C2H2,Known motif,3
ENSG00000197372,ZNF675,,1,zf-C2H2,Known motif,3
ENSG00000197385,ZNF860,,1,zf-C2H2,Known motif,3
ENSG00000197472,ZNF695,,1,zf-C2H2,Known motif,3
ENSG00000197619,ZNF615,,1,zf-C2H2,Known motif,3
ENSG00000197647,ZNF433,,1,zf-C2H2,Known motif,3
ENSG00000197779,ZNF81,,1,zf-C2H2,Known motif,3
ENSG00000197782,ZNF780A,,1,zf-C2H2,Known motif,3
ENSG00000197841,ZNF181,,1,zf-C2H2,Known motif,3
ENSG00000197857,ZNF44,,1,zf-C2H2,Known motif,3
ENSG00000197863,ZNF790,,1,zf-C2H2,Known motif,3
ENSG00000197933,ZNF823,,1,zf-C2H2,Known motif,3
ENSG00000197935,ZNF311,,1,zf-C2H2,Known motif,3
ENSG00000198039,ZNF273,,1,zf-C2H2,Known motif,3
ENSG00000198040,ZNF84,,1,zf-C2H2,Known motif,3
ENSG00000198046,ZNF667,,1,zf-C2H2,Known motif,3
ENSG00000198093,ZNF649,,1,zf-C2H2,Known motif,3
ENSG00000198105,ZNF248,,1,zf-C2H2,Known motif,3
ENSG00000198185,ZNF334,,1,zf-C2H2,Known motif,3
ENSG00000198298,ZNF485,,1,zf-C2H2,Known motif,3
ENSG00000198342,ZNF442,,1,zf-C2H2,Known motif,3
ENSG00000198393,ZNF26,,1,zf-C2H2,Known motif,3
ENSG00000198429,ZNF69,,1,zf-C2H2,Known motif,3
ENSG00000198464,ZNF480,,1,zf-C2H2,Known motif,3
ENSG00000198466,ZNF587,,1,zf-C2H2,Known motif,3
ENSG00000198482,ZNF808,,1,zf-C2H2,Known motif,3
ENSG00000198538,ZNF28,,1,zf-C2H2,Known motif,3
ENSG00000198551,ZNF627,,1,zf-C2H2,Known motif,3
ENSG00000198556,ZNF789,,1,zf-C2H2,Known motif,3
ENSG00000198633,ZNF534,,1,zf-C2H2,Known motif,3
ENSG00000203326,ZNF525,,1,zf-C2H2,Known motif,3
ENSG00000204524,ZNF805,,1,zf-C2H2,Known motif,3
ENSG00000204604,ZNF468,,1,zf-C2H2,Known motif,3
ENSG00000204611,ZNF616,,1,zf-C2H2,Known motif,3
ENSG00000204644,ZFP57,,1,zf-C2H2,Known motif,3
ENSG00000204946,ZNF783,,1,zf-C2H2,Known motif,3
ENSG00000204947,ZNF425,,1,zf-C2H2,Known motif,3
ENSG00000213020,ZNF611,,1,zf-C2H2,Known motif,3
ENSG00000213096,ZNF254,,1,zf-C2H2,Known motif,3
ENSG00000213988,ZNF90,,1,zf-C2H2,Known motif,3
ENSG00000214029,ZNF891,,1,zf-C2H2,Known motif,3
ENSG00000215372,ZNF705G,,1,zf-C2H2,Known motif,3
ENSG00000221923,ZNF880,,1,zf-C2H2,Known motif,3
ENSG00000229676,ZNF492,,1,zf-C2H2,Known motif,3
ENSG00000234284,ZNF879,,1,zf-C2H2,Known motif,3
ENSG00000234444,ZNF736,,1,zf-C2H2,Known motif,3
ENSG00000237440,ZNF737,,1,zf-C2H2,Known motif,3
ENSG00000249471,ZNF324B,,1,zf-C2H2,Known motif,3
ENSG00000249709,ZNF564,,1,zf-C2H2,Known motif,3
ENSG00000251192,ZNF674,,1,zf-C2H2,Known motif,3
ENSG00000251369,ZNF550,,1,zf-C2H2,Known motif,3
ENSG00000256087,ZNF432,,1,zf-C2H2,Known motif,3
ENSG00000256223,ZNF10,,1,zf-C2H2,Known motif,3
ENSG00000256229,ZNF486,,1,zf-C2H2,Known motif,3
ENSG00000256294,ZNF225,,1,zf-C2H2,Known motif,3
ENSG00000267508,ZNF285,,1,zf-C2H2,Known motif,3
ENSG00000269699,ZIM2,,1,zf-C2H2,Known motif,3
ENSG00000275111,ZNF2,,1,zf-C2H2,Known motif,3
ENSG00000278129,ZNF8,,1,zf-C2H2,Known motif,3
ENSG00000243660,ZNF487,,1,Others,Known motif,3
ENSG00000083817,ZNF416,,1,zf-C2H2,Known motif,3
ENSG00000105732,ZNF574,,1,zf-C2H2,Known motif,3
ENSG00000147124,ZNF41,,1,zf-C2H2,Known motif,3
ENSG00000169981,ZNF35,,1,zf-C2H2,Known motif,3
ENSG00000171163,ZNF692,,1,zf-C2H2,Known motif,3
ENSG00000180787,ZFP3,,1,zf-C2H2,Known motif,3
ENSG00000181315,ZNF322,,1,zf-C2H2,Known motif,3
ENSG00000181444,ZNF467,,1,zf-C2H2,Known motif,3
ENSG00000182318,ZSCAN22,,1,zf-C2H2,Known motif,3
ENSG00000197951,ZNF71,,1,zf-C2H2,Known motif,3
ENSG00000061455,PRDM6,,1,zf-C2H2,Known motif,3
ENSG00000075407,ZNF37A,,1,zf-C2H2,Known motif,3
ENSG00000083828,ZNF586,,1,zf-C2H2,Known motif,3
ENSG00000085644,ZNF213,,1,zf-C2H2,Known motif,3
ENSG00000125945,ZNF436,,1,zf-C2H2,Known motif,3
ENSG00000128610,FEZF1,,1,zf-C2H2,Known motif,3
ENSG00000131061,ZNF341,,1,zf-C2H2,Known motif,3
ENSG00000160908,ZNF394,,1,zf-C2H2,Known motif,3
ENSG00000161405,IKZF3,,1,zf-C2H2,Known motif,3
ENSG00000163795,ZNF513,,1,zf-C2H2,Known motif,3
ENSG00000165512,ZNF22,,1,zf-C2H2,Known motif,3
ENSG00000167635,ZNF146,,1,zf-C2H2,Known motif,3
ENSG00000169548,ZNF280A,,1,Others,Known motif,3
ENSG00000169957,ZNF768,,1,zf-C2H2,Known motif,3
ENSG00000172006,ZNF554,,1,zf-C2H2,Known motif,3
ENSG00000172748,ZNF596,,1,zf-C2H2,Known motif,3
ENSG00000179627,ZBTB42,,1,ZBTB,Known motif,3
ENSG00000180626,ZNF594,,1,zf-C2H2,Known motif,3
ENSG00000181894,ZNF329,,1,zf-C2H2,Known motif,3
ENSG00000186130,ZBTB6,,1,ZBTB,Known motif,3
ENSG00000186814,ZSCAN30,,1,zf-C2H2,Known motif,3
ENSG00000188033,ZNF490,,1,zf-C2H2,Known motif,3
ENSG00000188868,ZNF563,,1,zf-C2H2,Known motif,3
ENSG00000196378,ZNF34,,1,zf-C2H2,Known motif,3
ENSG00000196391,ZNF774,,1,zf-C2H2,Known motif,3
ENSG00000196653,ZNF502,,1,zf-C2H2,Known motif,3
ENSG00000196867,ZFP28,,1,zf-C2H2,Known motif,3
ENSG00000197360,ZNF98,,1,zf-C2H2,Known motif,3
ENSG00000197928,ZNF677,,1,zf-C2H2,Known motif,3
ENSG00000197961,ZNF121,,1,zf-C2H2,Known motif,3
ENSG00000198146,ZNF770,,1,zf-C2H2,Known motif,3
ENSG00000204532,ZSCAN5C,,1,zf-C2H2,Known motif,3
ENSG00000204859,ZBTB48,,1,ZBTB,Known motif,3
ENSG00000250571,GLI4,,1,zf-C2H2,Known motif,3
ENSG00000254004,ZNF260,,1,zf-C2H2,Known motif,3
ENSG00000272602,ZNF595,,1,zf-C2H2,Known motif,3
ENSG00000150347,ARID5B,,1,ARID,Known motif,3
ENSG00000085276,MECOM,,1,zf-C2H2,Known motif,3
ENSG00000163623,NKX6-1,,1,Homeobox,Known motif,3
ENSG00000147180,ZNF711,,1,zf-C2H2,Known motif,3
ENSG00000050344,NFE2L3,,1,TF_bZIP,Known motif,3
ENSG00000030419,IKZF2,,1,zf-C2H2,Known motif,3
ENSG00000118156,ZNF541,,1,zf-C2H2,Known motif,3
ENSG00000130182,ZSCAN10,,1,zf-C2H2,Inferred motif,3
ENSG00000130711,PRDM12,,1,zf-C2H2,Known motif,3
ENSG00000130856,ZNF236,,1,zf-C2H2,Known motif,3
ENSG00000141956,PRDM15,,1,zf-C2H2,Known motif,3
ENSG00000142611,PRDM16,,1,zf-C2H2,Inferred motif,3
ENSG00000160336,ZNF761,,1,zf-C2H2,Known motif,3
ENSG00000165804,ZNF219,,1,zf-C2H2,Known motif,3
ENSG00000165821,SALL2,,1,zf-C2H2,Known motif,3
ENSG00000171425,ZNF581,,1,zf-C2H2,Known motif,3
ENSG00000189420,ZFP92,,1,zf-C2H2,Known motif,3
ENSG00000197062,ZSCAN26,,1,zf-C2H2,Known motif,3
ENSG00000197483,ZNF628,,1,zf-C2H2,Known motif,3
ENSG00000198795,ZNF521,,1,zf-C2H2,Known motif,3
ENSG00000204335,SP5,,1,zf-C2H2,Known motif,3
ENSG00000205903,ZNF316,,1,zf-C2H2,Known motif,3
ENSG00000214534,ZNF705E,,1,zf-C2H2,Likely to be sequence specific TF,3
ENSG00000214652,ZNF727,,1,zf-C2H2,Known motif,3
ENSG00000223614,ZNF735,,1,zf-C2H2,Known motif,3
ENSG00000228623,ZNF883,,1,,Known motif,2
ENSG00000250312,ZNF718,,1,zf-C2H2,Known motif,3
ENSG00000274349,ZNF658,,1,zf-C2H2,Known motif,3
ENSG00000088881,EBF4,,1,COE,Known motif,3
ENSG00000221818,EBF2,,1,COE,Known motif,3
ENSG00000184659,FOXD4L4,,1,Fork_head,Known motif,3
ENSG00000006704,GTF2IRD1,,1,GTF2I,Known motif,3
ENSG00000105997,HOXA3,,1,Homeobox,Known motif,3
ENSG00000127989,MTERF1,,1,,Known motif,2
ENSG00000122145,TBX22,,1,T-box,Known motif,3
ENSG00000012223,LTF,,1,Others,Known motif,3
ENSG00000101457,DNTTIP1,,1,,Likely to be sequence specific TF,2
ENSG00000138380,CARF,,1,Others,Known motif,3
ENSG00000164299,SPZ1,,1,Others,Known motif,3
ENSG00000197579,TOPORS,,1,,Known motif,2
ENSG00000230257,NFE4,,1,,Known motif,2
ENSG00000198824,CHAMP1,,1,,Likely to be sequence specific TF,2
ENSG00000157259,GATAD1,,1,Others,,2
ENSG00000167491,GATAD2A,,1,zf-GATA,Likely to be sequence specific TF,3
ENSG00000140382,HMG20A,,1,HMG,Likely to be sequence specific TF,3
ENSG00000100281,HMGXB4,,1,HMG,,2
ENSG00000095574,IKZF5,,1,zf-C2H2,Inferred motif,3
ENSG00000168348,INSM2,,1,zf-C2H2,Likely to be sequence specific TF,3
ENSG00000136504,KAT7,,1,,Likely to be sequence specific TF,2
ENSG00000213347,MXD3,,1,bHLH,Inferred motif,3
ENSG00000170448,NFXL1,,1,zf-NF-X1,Likely to be sequence specific TF,3
ENSG00000025293,PHF20,,1,,Likely to be sequence specific TF,2
ENSG00000236287,ZBED5,,1,,Likely to be sequence specific TF,2
ENSG00000205189,ZBTB10,,1,ZBTB,Likely to be sequence specific TF,3
ENSG00000173276,ZBTB21,,1,ZBTB,Likely to be sequence specific TF,3
ENSG00000089775,ZBTB25,,1,ZBTB,Likely to be sequence specific TF,3
ENSG00000184677,ZBTB40,,1,ZBTB,Likely to be sequence specific TF,3
ENSG00000160062,ZBTB8A,,1,ZBTB,Likely to be sequence specific TF,3
ENSG00000136866,ZFP37,,1,zf-C2H2,Likely to be sequence specific TF,3
ENSG00000186660,ZFP91,,1,zf-C2H2,Likely to be sequence specific TF,3
ENSG00000197114,ZGPAT,,1,Others,Likely to be sequence specific TF,3
ENSG00000198315,ZKSCAN8,,1,zf-C2H2,Likely to be sequence specific TF,3
ENSG00000160094,ZNF362,,1,zf-C2H2,Likely to be sequence specific TF,3
ENSG00000178175,ZNF366,,1,zf-C2H2,Likely to be sequence specific TF,3
ENSG00000215421,ZNF407,,1,zf-C2H2,Likely to be sequence specific TF,3
ENSG00000130818,ZNF426,,1,zf-C2H2,Likely to be sequence specific TF,3
ENSG00000180035,ZNF48,,1,zf-C2H2,Likely to be sequence specific TF,3
ENSG00000168813,ZNF507,,1,zf-C2H2,Likely to be sequence specific TF,3
ENSG00000198546,ZNF511,,1,Others,Likely to be sequence specific TF,3
ENSG00000243943,ZNF512,,1,zf-C2H2,Likely to be sequence specific TF,3
ENSG00000177853,ZNF518A,,1,,Likely to be sequence specific TF,2
ENSG00000161551,ZNF577,,1,zf-C2H2,Likely to be sequence specific TF,3
ENSG00000218891,ZNF579,,1,zf-C2H2,Likely to be sequence specific TF,3
ENSG00000245680,ZNF585B,,1,zf-C2H2,Likely to be sequence specific TF,3
ENSG00000189190,ZNF600,,1,zf-C2H2,Likely to be sequence specific TF,3
ENSG00000102870,ZNF629,,1,zf-C2H2,Likely to be sequence specific TF,3
ENSG00000198740,ZNF652,,1,zf-C2H2,Inferred motif,3
ENSG00000175105,ZNF654,,1,zf-C2H2,Likely to be sequence specific TF,3
ENSG00000179195,ZNF664,,1,zf-C2H2,Inferred motif,3
ENSG00000143067,ZNF697,,1,zf-C2H2,Inferred motif,3
ENSG00000196381,ZNF781,,1,zf-C2H2,Likely to be sequence specific TF,3
ENSG00000176723,ZNF843,,1,,Likely to be sequence specific TF,2
ENSG00000166529,ZSCAN21,,1,zf-C2H2,Likely to be sequence specific TF,3
ENSG00000198455,ZXDB,,1,zf-C2H2,Likely to be sequence specific TF,3
ENSG00000072364,AFF4,,1,AF-4,,2
ENSG00000138303,ASCC1,,1,,,1
ENSG00000002330,BAD,,1,,,1
ENSG00000078699,CBFA2T2,,1,,,1
ENSG00000067955,CBFB,,1,CBF,,2
ENSG00000198783,ZNF830,,1,,Likely to be sequence specific TF,2
ENSG00000113300,CNOT6,,1,,,1
ENSG00000188986,NELFB,,1,,,1
ENSG00000064703,DDX20,,1,,,1
ENSG00000074800,ENO1,,1,,,1
ENSG00000153266,FEZF2,,1,zf-C2H2,Inferred motif,3
ENSG00000115641,FHL2,,1,,,1
ENSG00000137166,FOXP4,,1,Fork_head,Inferred motif,3
ENSG00000111358,GTF2H3,,1,,,1
ENSG00000115207,GTF3C2,,1,,,1
ENSG00000148308,GTF3C5,,1,,,1
ENSG00000111727,HCFC2,,1,,,1
ENSG00000180353,HCLS1,,1,,,1
ENSG00000147099,HDAC8,,1,,,1
ENSG00000078140,UBE2K,,1,,,1
ENSG00000109854,HTATIP2,,1,,,1
ENSG00000115738,ID2,,1,bHLH,,2
ENSG00000073614,KDM5A,,1,,,1
ENSG00000155506,LARP1,,1,,,1
ENSG00000090661,CERS4,,1,,,1
ENSG00000154545,MAGED4,,1,,,1
ENSG00000177383,MAGEF1,,1,,,1
ENSG00000104177,MYEF2,,1,Others,,2
ENSG00000104490,NCALD,,1,,,1
ENSG00000239672,NME1,,1,,,1
ENSG00000153406,NMRAL1,,1,,,1
ENSG00000104805,NUCB1,,1,,,1
ENSG00000164164,OTUD4,,1,,,1
ENSG00000157212,PAXIP1,,1,,,1
ENSG00000148843,PDCD11,,1,,,1
ENSG00000163110,PDLIM5,,1,,,1
ENSG00000116793,PHTF1,,1,Others,,2
ENSG00000087842,PIR,,1,,,1
ENSG00000102103,PQBP1,,1,,,1
ENSG00000172733,PURG,,1,Others,Likely to be sequence specific TF,3
ENSG00000099246,RAB18,,1,,,1
ENSG00000132341,RAN,,1,,,1
ENSG00000117222,RBBP5,,1,,,1
ENSG00000100320,RBFOX2,,1,,,1
ENSG00000064490,RFXANK,,1,Others,,2
ENSG00000176700,SCAND2P,,1,,,1
ENSG00000010803,SCMH1,,1,,Likely to be sequence specific TF,2
ENSG00000196189,SEMA4A,,1,,,1
ENSG00000168066,SF1,,1,,,1
ENSG00000175387,SMAD2,,1,MH1,,2
ENSG00000174446,SNAPC5,,1,,Likely to be sequence specific TF,2
ENSG00000197157,SND1,,1,,,1
ENSG00000157216,SSBP3,,1,,,1
ENSG00000241476,SSX2,,1,,,1
ENSG00000165584,SSX3,,1,,,1
ENSG00000143498,TAF1A,,1,,,1
ENSG00000273841,TAF9,,1,,,1
ENSG00000184905,TCEAL2,,1,,,1
ENSG00000108064,TFAM,,1,HMG,,2
ENSG00000177683,THAP5,,1,THAP,Likely to be sequence specific TF,3
ENSG00000164758,MED30,,1,,,1
ENSG00000111602,TIMELESS,,1,,,1
ENSG00000104907,TRMT1,,1,,,1
ENSG00000166925,TSC22D4,,1,TSC22,,2
ENSG00000116918,TSNAX,,1,,,1
ENSG00000112041,TULP1,,1,Tub,,2
ENSG00000119541,VPS4B,,1,,,1
ENSG00000127337,YEATS4,,1,Others,,2
ENSG00000174282,ZBTB4,,1,ZBTB,Known motif,3
ENSG00000130584,ZBTB46,,1,ZBTB,Likely to be sequence specific TF,3
ENSG00000174306,ZHX3,,1,Homeobox,Likely to be sequence specific TF,3
ENSG00000172262,ZNF131,,1,ZBTB,Likely to be sequence specific TF,3
ENSG00000124226,RNF114,,1,,,1
ENSG00000162664,ZNF326,,1,Others,Likely to be sequence specific TF,3
ENSG00000161642,ZNF385A,,1,zf-C2H2,Likely to be sequence specific TF,3
ENSG00000165655,ZNF503,,1,Others,Likely to be sequence specific TF,3
ENSG00000081386,ZNF510,,1,zf-C2H2,Likely to be sequence specific TF,3
ENSG00000120963,ZNF706,,1,Others,Likely to be sequence specific TF,3
ENSG00000008197,TFAP2D,,1,AP-2,Known motif,3
ENSG00000012048,BRCA1,,1,,,1
ENSG00000162613,FUBP1,,1,,,1
ENSG00000113196,HAND1,,1,bHLH,Known motif,3
ENSG00000071794,HLTF,,1,,,1
ENSG00000172201,ID4,,1,bHLH,,2
ENSG00000102038,SMARCA1,,1,,,1
ENSG00000153147,SMARCA5,,1,,,1
ENSG00000182968,SOX1,,1,HMG,Known motif,3
ENSG00000147133,TAF1,,1,,,1
ENSG00000196712,NF1,,1,,,1
ENSG00000173068,BNC2,,1,zf-C2H2,Inferred motif,3
ENSG00000177494,ZBED2,,1,zf-BED,Likely to be sequence specific TF,3
ENSG00000125816,NKX2-4,,1,Homeobox,Known motif,3
ENSG00000196843,ARID5A,,1,ARID,Known motif,3
ENSG00000069399,BCL3,,1,,,1
ENSG00000153922,CHD1,,1,,,1
ENSG00000173575,CHD2,,1,,,1
ENSG00000185610,DBX2,,1,Homeobox,Inferred motif,3
ENSG00000100206,DMC1,,1,,,1
ENSG00000100393,EP300,,1,,,1
ENSG00000106462,EZH2,,1,,,1
ENSG00000125651,GTF2F1,,1,,,1
ENSG00000172534,HCFC1,,1,,,1
ENSG00000172789,HOXC5,,1,Homeobox,Known motif,3
ENSG00000113430,IRX4,,1,Homeobox,Known motif,3
ENSG00000159387,IRX6,,1,Homeobox,Inferred motif,3
ENSG00000057935,MTA3,,1,zf-GATA,,2
ENSG00000235608,NKX1-1,,1,Homeobox,Known motif,3
ENSG00000229544,NKX1-2,,1,Homeobox,Known motif,3
ENSG00000180053,NKX2-6,,1,Homeobox,Inferred motif,3
ENSG00000171540,OTP,,1,Homeobox,Known motif,3
ENSG00000140464,PML,,1,,,1
ENSG00000164754,RAD21,,1,,,1
ENSG00000089902,RCOR1,,1,MYB,,2
ENSG00000169375,SIN3A,,1,,,1
ENSG00000173473,SMARCC1,,1,MYB,,2
ENSG00000139613,SMARCC2,,1,MYB,,2
ENSG00000108055,SMC3,,1,,,1
ENSG00000177565,TBL1XR1,,1,,,1
ENSG00000124535,WRNIP1,,1,,,1
ENSG00000185670,ZBTB3,,1,ZBTB,Known motif,3
ENSG00000164011,ZNF691,,1,zf-C2H2,Inferred motif,3
ENSG00000076604,TRAF4,,1,,,1
ENSG00000160917,CPSF4,,1,,,1
ENSG00000204053,MYCLP1,,1,,,1
ENSG00000125878,TCF15,,1,bHLH,Inferred motif,3
ENSG00000106290,TAF6,,1,,,1
ENSG00000104064,GABPB1,,1,Others,,2
ENSG00000143621,ILF2,,1,,,1
ENSG00000077463,SIRT6,,1,,,1
ENSG00000111653,ING4,,1,,,1
ENSG00000258289,CHURC1,,1,,,1
ENSG00000186051,TAL2,,1,bHLH,Inferred motif,3
ENSG00000133111,RFXAP,,1,,,1
ENSG00000140307,GTF2A2,,1,,,1
ENSG00000165417,GTF2A1,,1,,,1
ENSG00000114126,TFDP2,,1,E2F,Inferred motif,3
ENSG00000139687,RB1,,1,,,1
ENSG00000101665,SMAD7,,1,MH1,,2
ENSG00000137834,SMAD6,,1,MH1,,2
ENSG00000130726,TRIM28,,1,,,1
ENSG00000143799,PARP1,,1,,,1
ENSG00000088038,CNOT3,,1,,,1
ENSG00000109851,DBX1,,1,Homeobox,Inferred motif,3
ENSG00000185024,BRF1,,1,,,1
ENSG00000145734,BDP1,,1,,,1
ENSG00000148606,POLR3A,,1,,,1
ENSG00000182944,EWSR1,,1,,,1
ENSG00000168036,CTNNB1,,1,,,1
ENSG00000029363,BCLAF1,,1,Others,,2
ENSG00000082258,CCNT2,,1,,,1
ENSG00000196591,HDAC2,,1,,,1
ENSG00000105261,OVOL3,,1,zf-C2H2,Likely to be sequence specific TF,3
ENSG00000198597,ZNF536,,1,zf-C2H2,Likely to be sequence specific TF,3
ENSG00000229809,ZNF688,,1,zf-C2H2,Likely to be sequence specific TF,3
ENSG00000167800,TBX10,,1,T-box,Inferred motif,3
ENSG00000273514,FOXD4L6,,1,Fork_head,Inferred motif,3
ENSG00000186790,FOXE3,,1,Fork_head,Inferred motif,3
ENSG00000117000,RLF,,1,zf-C2H2,Likely to be sequence specific TF,3
ENSG00000204779,FOXD4L5,,1,Fork_head,Inferred motif,3
ENSG00000187559,FOXD4L3,,1,Fork_head,Inferred motif,3
ENSG00000182521,TBPL2,,1,,Inferred motif,2
ENSG00000143373,ZNF687,,1,zf-C2H2,Likely to be sequence specific TF,3
ENSG00000183621,ZNF438,,1,zf-C2H2,Likely to be sequence specific TF,3
ENSG00000101493,ZNF516,,1,zf-C2H2,Likely to be sequence specific TF,3
ENSG00000112238,PRDM13,,1,zf-C2H2,Likely to be sequence specific TF,3
ENSG00000184492,FOXD4L1,,1,Fork_head,Inferred motif,3
ENSG00000103449,SALL1,,1,zf-C2H2,Inferred motif,3
ENSG00000177888,ZBTB41,,1,ZBTB,Likely to be sequence specific TF,3
ENSG00000126804,ZBTB1,,1,ZBTB,Known motif,3
ENSG00000197213,ZSCAN5B,,1,zf-C2H2,Likely to be sequence specific TF,3
ENSG00000242441,GTF2A1L,,1,,,1
ENSG00000273274,ZBTB8B,,1,ZBTB,Likely to be sequence specific TF,3
ENSG00000176472,ZNF575,,1,zf-C2H2,Likely to be sequence specific TF,3
ENSG00000275004,ZNF280B,,1,Others,Likely to be sequence specific TF,3
ENSG00000177125,ZBTB34,,1,ZBTB,Inferred motif,3
ENSG00000123411,IKZF4,,1,zf-C2H2,Inferred motif,3
ENSG00000139154,AEBP2,,1,zf-C2H2,Likely to be sequence specific TF,3
ENSG00000197128,ZNF772,,1,zf-C2H2,Likely to be sequence specific TF,3
ENSG00000197037,ZSCAN25,,1,zf-C2H2,Likely to be sequence specific TF,3
ENSG00000179943,FIZ1,,1,zf-C2H2,Likely to be sequence specific TF,3
ENSG00000149054,ZNF215,,1,zf-C2H2,Likely to be sequence specific TF,3
ENSG00000103199,ZNF500,,1,zf-C2H2,Likely to be sequence specific TF,3
ENSG00000067646,ZFY,,1,zf-C2H2,Inferred motif,3
ENSG00000112365,ZBTB24,,1,ZBTB,Likely to be sequence specific TF,3
ENSG00000236609,ZNF853,,1,zf-C2H2,Likely to be sequence specific TF,3
ENSG00000121903,ZSCAN20,,1,zf-C2H2,Likely to be sequence specific TF,3
ENSG00000174255,ZNF80,,1,zf-C2H2,Likely to be sequence specific TF,3
ENSG00000132010,ZNF20,,1,zf-C2H2,Likely to be sequence specific TF,3
ENSG00000221994,ZNF630,,1,zf-C2H2,Likely to be sequence specific TF,3
ENSG00000196110,ZNF699,,1,zf-C2H2,Likely to be sequence specific TF,3
ENSG00000197016,ZNF470,,1,zf-C2H2,Likely to be sequence specific TF,3
ENSG00000171970,ZNF57,,1,zf-C2H2,Likely to be sequence specific TF,3
ENSG00000179930,ZNF648,,1,zf-C2H2,Likely to be sequence specific TF,3
ENSG00000198131,ZNF544,,1,zf-C2H2,Likely to be sequence specific TF,3
ENSG00000187187,ZNF546,,1,zf-C2H2,Likely to be sequence specific TF,3
ENSG00000197363,ZNF517,,1,zf-C2H2,Likely to be sequence specific TF,3
ENSG00000198939,ZFP2,,1,zf-C2H2,Inferred motif,3
ENSG00000180938,ZNF572,,1,zf-C2H2,Likely to be sequence specific TF,3
ENSG00000160229,ZNF66,,1,zf-C2H2,Likely to be sequence specific TF,3
ENSG00000156853,ZNF689,,1,zf-C2H2,Likely to be sequence specific TF,3
ENSG00000152475,ZNF837,,1,zf-C2H2,Likely to be sequence specific TF,3
ENSG00000140548,ZNF710,,1,zf-C2H2,Likely to be sequence specific TF,3
ENSG00000257591,ZNF625,,1,zf-C2H2,Likely to be sequence specific TF,3
ENSG00000177599,ZNF491,,1,zf-C2H2,Likely to be sequence specific TF,3
ENSG00000242852,ZNF709,,1,zf-C2H2,Likely to be sequence specific TF,3
ENSG00000167625,ZNF526,,1,zf-C2H2,Likely to be sequence specific TF,3
ENSG00000196109,ZNF676,,1,zf-C2H2,Likely to be sequence specific TF,3
ENSG00000172000,ZNF556,,1,zf-C2H2,Likely to be sequence specific TF,3
ENSG00000175213,ZNF408,,1,zf-C2H2,Likely to be sequence specific TF,3
ENSG00000196757,ZNF700,,1,zf-C2H2,Likely to be sequence specific TF,3
ENSG00000187607,ZNF286A,,1,zf-C2H2,Likely to be sequence specific TF,3
ENSG00000196263,ZNF471,,1,zf-C2H2,Likely to be sequence specific TF,3
ENSG00000120784,ZFP30,,1,zf-C2H2,Inferred motif,3
ENSG00000159882,ZNF230,,1,zf-C2H2,Likely to be sequence specific TF,3
ENSG00000159915,ZNF233,,1,zf-C2H2,Likely to be sequence specific TF,3
ENSG00000063587,ZNF275,,1,zf-C2H2,Likely to be sequence specific TF,3
ENSG00000196350,ZNF729,,1,zf-C2H2,Likely to be sequence specific TF,3
ENSG00000140987,ZSCAN32,,1,zf-C2H2,Likely to be sequence specific TF,3
ENSG00000005801,ZNF195,,1,zf-C2H2,Likely to be sequence specific TF,3
ENSG00000204514,ZNF814,,1,zf-C2H2,Likely to be sequence specific TF,3
ENSG00000257446,ZNF878,,1,zf-C2H2,Likely to be sequence specific TF,3
ENSG00000213967,ZNF726,,1,zf-C2H2,Likely to be sequence specific TF,3
ENSG00000160321,ZNF208,,1,zf-C2H2,Likely to be sequence specific TF,3
ENSG00000186777,ZNF732,,1,zf-C2H2,Likely to be sequence specific TF,3
ENSG00000213973,ZNF99,,1,zf-C2H2,Likely to be sequence specific TF,3
ENSG00000256771,ZNF253,,1,zf-C2H2,Likely to be sequence specific TF,3
ENSG00000183309,ZNF623,,1,zf-C2H2,Likely to be sequence specific TF,3
ENSG00000105708,ZNF14,,1,zf-C2H2,Likely to be sequence specific TF,3
ENSG00000215343,ZNF705D,,1,zf-C2H2,Inferred motif,3
ENSG00000198521,ZNF43,,1,zf-C2H2,Likely to be sequence specific TF,3
ENSG00000152926,ZNF117,,1,zf-C2H2,Inferred motif,3
ENSG00000197008,ZNF138,,1,zf-C2H2,Likely to be sequence specific TF,3
ENSG00000167232,ZNF91,,1,zf-C2H2,Likely to be sequence specific TF,3
ENSG00000204920,ZNF155,,1,zf-C2H2,Likely to be sequence specific TF,3
ENSG00000263002,ZNF234,,1,zf-C2H2,Likely to be sequence specific TF,3
ENSG00000223547,ZNF844,,1,zf-C2H2,Likely to be sequence specific TF,3
ENSG00000197054,ZNF763,,1,zf-C2H2,Likely to be sequence specific TF,3
ENSG00000196437,ZNF569,,1,zf-C2H2,Likely to be sequence specific TF,3
ENSG00000176222,ZNF404,,1,zf-C2H2,Likely to be sequence specific TF,3
ENSG00000181450,ZNF678,,1,zf-C2H2,Likely to be sequence specific TF,3
ENSG00000185869,ZNF829,,1,zf-C2H2,Likely to be sequence specific TF,3
ENSG00000171161,ZNF672,,1,zf-C2H2,Likely to be sequence specific TF,3
ENSG00000198453,ZNF568,,1,zf-C2H2,Likely to be sequence specific TF,3
ENSG00000197608,ZNF841,,1,zf-C2H2,Likely to be sequence specific TF,3
ENSG00000198346,ZNF813,,1,zf-C2H2,Likely to be sequence specific TF,3
ENSG00000196267,ZNF836,,1,zf-C2H2,Likely to be sequence specific TF,3
ENSG00000196946,ZNF705A,,1,zf-C2H2,Inferred motif,3
ENSG00000152439,ZNF773,,1,zf-C2H2,Likely to be sequence specific TF,3
ENSG00000204519,ZNF551,,1,zf-C2H2,Likely to be sequence specific TF,3
ENSG00000176371,ZSCAN2,,1,zf-C2H2,Likely to be sequence specific TF,3
ENSG00000131115,ZNF227,,1,zf-C2H2,Likely to be sequence specific TF,3
ENSG00000174586,ZNF497,,1,zf-C2H2,Likely to be sequence specific TF,3
ENSG00000196268,ZNF493,,1,zf-C2H2,Likely to be sequence specific TF,3
ENSG00000197123,ZNF679,,1,zf-C2H2,Inferred motif,3
ENSG00000176083,ZNF683,,1,zf-C2H2,Likely to be sequence specific TF,3
ENSG00000196670,ZFP62,,1,zf-C2H2,Likely to be sequence specific TF,3
ENSG00000182903,ZNF721,,1,zf-C2H2,Likely to be sequence specific TF,3
ENSG00000197808,ZNF461,,1,zf-C2H2,Likely to be sequence specific TF,3
ENSG00000186812,ZNF397,,1,zf-C2H2,Likely to be sequence specific TF,3
ENSG00000197050,ZNF420,,1,zf-C2H2,Likely to be sequence specific TF,3
ENSG00000258405,ZNF578,,1,zf-C2H2,Likely to be sequence specific TF,3
ENSG00000196456,ZNF775,,1,zf-C2H2,Likely to be sequence specific TF,3
ENSG00000213799,ZNF845,,1,zf-C2H2,Likely to be sequence specific TF,3
ENSG00000198028,ZNF560,,1,zf-C2H2,Likely to be sequence specific TF,3
ENSG00000166704,ZNF606,,1,zf-C2H2,Likely to be sequence specific TF,3
ENSG00000167394,ZNF668,,1,zf-C2H2,Likely to be sequence specific TF,3
ENSG00000187626,ZKSCAN4,,1,zf-C2H2,Likely to be sequence specific TF,3
ENSG00000144026,ZNF514,,1,zf-C2H2,Likely to be sequence specific TF,3
ENSG00000185730,ZNF696,,1,zf-C2H2,Likely to be sequence specific TF,3
ENSG00000198182,ZNF607,,1,zf-C2H2,Likely to be sequence specific TF,3
ENSG00000153896,ZNF599,,1,zf-C2H2,Likely to be sequence specific TF,3
ENSG00000188321,ZNF559,,1,zf-C2H2,Likely to be sequence specific TF,3
ENSG00000198169,ZNF251,,1,zf-C2H2,Likely to be sequence specific TF,3
ENSG00000198440,ZNF583,,1,zf-C2H2,Likely to be sequence specific TF,3
ENSG00000197497,ZNF665,,1,zf-C2H2,Likely to be sequence specific TF,3
ENSG00000277462,ZNF670,,1,zf-C2H2,Likely to be sequence specific TF,3
ENSG00000198816,ZNF358,,1,zf-C2H2,Likely to be sequence specific TF,3
ENSG00000166188,ZNF319,,1,zf-C2H2,Likely to be sequence specific TF,3
ENSG00000187792,ZNF70,,1,zf-C2H2,Likely to be sequence specific TF,3
ENSG00000167380,ZNF226,,1,zf-C2H2,Likely to be sequence specific TF,3
ENSG00000197566,ZNF624,,1,zf-C2H2,Likely to be sequence specific TF,3
ENSG00000138738,PRDM5,,1,zf-C2H2,Likely to be sequence specific TF,3
ENSG00000062370,ZNF112,,1,zf-C2H2,Likely to be sequence specific TF,3
ENSG00000128000,ZNF780B,,1,zf-C2H2,Likely to be sequence specific TF,3
ENSG00000114853,ZBTB47,,1,ZBTB,Likely to be sequence specific TF,3
ENSG00000166860,ZBTB39,,1,ZBTB,Likely to be sequence specific TF,3
ENSG00000167395,ZNF646,,1,zf-C2H2,Likely to be sequence specific TF,3
ENSG00000127903,ZNF835,,1,zf-C2H2,Likely to be sequence specific TF,3
ENSG00000196247,ZNF107,,1,zf-C2H2,Likely to be sequence specific TF,3
ENSG00000124613,ZNF391,,1,zf-C2H2,Likely to be sequence specific TF,3
ENSG00000158691,ZSCAN12,,1,zf-C2H2,Likely to be sequence specific TF,3
ENSG00000179588,ZFPM1,,1,zf-C2H2,Likely to be sequence specific TF,3
ENSG00000198300,PEG3,,1,zf-C2H2,Likely to be sequence specific TF,3
ENSG00000177311,ZBTB38,,1,ZBTB,Likely to be sequence specific TF,3
ENSG00000165244,ZNF367,,1,zf-C2H2,Likely to be sequence specific TF,3
ENSG00000152454,ZNF256,,1,zf-C2H2,Likely to be sequence specific TF,3
ENSG00000116478,HDAC1,,1,,,1
ENSG00000100823,APEX1,,1,,,1
ENSG00000159692,CTBP1,,1,,,1
ENSG00000172530,BANP,,1,,,1
ENSG00000160741,CRTC2,,1,,,1
ENSG00000147140,NONO,,1,,,1
ENSG00000116560,SFPQ,,1,Others,,2
ENSG00000097007,ABL1,,1,,,1
ENSG00000187821,HELT,,1,bHLH,Inferred motif,3
ENSG00000101191,DIDO1,,1,,,1
ENSG00000105323,HNRNPUL1,,1,,,1
ENSG00000133884,DPF2,,1,,,1
ENSG00000129351,ILF3,,1,,,1
ENSG00000203989,RHOXF2B,,1,Homeobox,Inferred motif,3
ENSG00000126705,AHDC1,,1,,Likely to be sequence specific TF,2
ENSG00000113716,HMGXB3,,1,HMG,,2
ENSG00000078403,MLLT10,,1,Others,,2
ENSG00000159592,GPBP1L1,,1,Others,Likely to be sequence specific TF,3
ENSG00000137871,ZNF280D,,1,Others,Likely to be sequence specific TF,3
ENSG00000115568,ZNF142,,1,zf-C2H2,Likely to be sequence specific TF,3
ENSG00000148143,ZNF462,,1,zf-C2H2,Likely to be sequence specific TF,3
ENSG00000124444,ZNF576,,1,zf-C2H2,Likely to be sequence specific TF,3
ENSG00000255192,NANOGP8,,1,Homeobox,Known motif,3
ENSG00000012174,MBTPS2,,1,,,1
ENSG00000079432,CIC,,1,HMG,Known motif,3
ENSG00000274529,SEBOX,,1,Homeobox,Inferred motif,3
ENSG00000143006,DMRTB1,,1,DM,Likely to be sequence specific TF,3
ENSG00000185002,RFX6,,1,RFX,Inferred motif,3
ENSG00000122728,TAF1L,,1,,,1
ENSG00000164946,FREM1,,1,,,1
ENSG00000179361,ARID3B,,1,ARID,Inferred motif,3
ENSG00000124232,RBPJL,,1,CSL,Inferred motif,3
ENSG00000111269,CREBL2,,1,Others,Inferred motif,3
ENSG00000204612,FOXB2,,1,Fork_head,Inferred motif,3
ENSG00000170122,FOXD4,,1,Fork_head,Inferred motif,3
ENSG00000079263,SP140,,1,SAND,Likely to be sequence specific TF,3
ENSG00000153207,AHCTF1,,1,Others,Likely to be sequence specific TF,3
ENSG00000168724,DNAJC21,,1,,,1
ENSG00000176182,MYPOP,,1,,Likely to be sequence specific TF,2
ENSG00000019485,PRDM11,,1,Others,,2
ENSG00000135365,PHF21A,,1,,Likely to be sequence specific TF,2
ENSG00000250709,CCDC169-SOHLH2,,1,bHLH,Known motif,3
ENSG00000175727,MLXIP,,1,bHLH,Inferred motif,3
ENSG00000137504,CREBZF,,1,TF_bZIP,Inferred motif,3
ENSG00000135899,SP110,,1,SAND,Likely to be sequence specific TF,3
ENSG00000086102,NFX1,,1,zf-NF-X1,Likely to be sequence specific TF,3
ENSG00000129691,ASH2L,,1,,,1
ENSG00000145388,METTL14,,1,,,1
ENSG00000163159,VPS72,,1,,,1
ENSG00000172292,CERS6,,1,,,1
ENSG00000154227,CERS3,,1,,,1
ENSG00000139624,CERS5,,1,,,1
ENSG00000143418,CERS2,,1,,,1
ENSG00000126856,PRDM7,,1,,,1
ENSG00000169594,BNC1,,1,zf-C2H2,Inferred motif,3
ENSG00000203780,FANK1,,1,,,1
ENSG00000138684,IL21,,1,,,1
ENSG00000173545,ZNF622,,1,zf-C2H2,,2
ENSG00000174576,NPAS4,,1,bHLH,Inferred motif,3
ENSG00000257315,ZBED6,,1,zf-BED,Inferred motif,3
ENSG00000109133,TMEM33,,1,,,1
ENSG00000060971,ACAA1,,1,,,1
ENSG00000048405,ZNF800,,1,zf-C2H2,Likely to be sequence specific TF,3
ENSG00000101544,ADNP2,,1,Others,Likely to be sequence specific TF,3
ENSG00000133250,ZNF414,,1,Others,Likely to be sequence specific TF,3
ENSG00000255073,ZFP91-CNTF,,1,zf-C2H2,,2
ENSG00000269343,ZNF587B,,1,zf-C2H2,Likely to be sequence specific TF,3
ENSG00000112200,ZNF451,,1,,Likely to be sequence specific TF,2
ENSG00000074657,ZNF532,,1,zf-C2H2,Likely to be sequence specific TF,3
ENSG00000198728,LDB1,,1,,,1
ENSG00000135363,LMO2,,1,,,1
ENSG00000180667,YOD1,,1,,,1
ENSG00000165819,METTL3,,1,,,1
ENSG00000063438,AHRR,,1,bHLH,Inferred motif,3
ENSG00000205143,ARID3C,,1,ARID,Inferred motif,3
ENSG00000168874,ATOH8,,1,bHLH,Inferred motif,3
ENSG00000158055,GRHL3,,1,CP2,Likely to be sequence specific TF,3
ENSG00000188290,HES4,,1,bHLH,Inferred motif,3
ENSG00000283039,KLF18,,1,zf-C2H2,,2
ENSG00000150051,MKX,,1,Homeobox,Likely to be sequence specific TF,3
ENSG00000119608,PROX2,,1,HPD,Inferred motif,3
ENSG00000080608,PUM3,,1,,,1
ENSG00000196460,RFX8,,1,RFX,Likely to be sequence specific TF,3
ENSG00000171222,SCAND1,,1,,,1
ENSG00000260428,SCX,,1,bHLH,Inferred motif,3
ENSG00000163792,TCF23,,1,bHLH,Inferred motif,3
ENSG00000261787,TCF24,,1,bHLH,Inferred motif,3